g_i,h_i,y_i,y_i^hat
0.5,1.0,0,0.0
0.5002499999791666,1.0010005001667084,0,0.001
0.5004999998333334,1.0020020013340003,0,0.002
0.5007499994375005,1.003004504503377,0,0.003
0.5009999986666688,1.004008010677342,0,0.004
0.5012499973958399,1.005012520859401,0,0.005
0.5014999955000162,1.006018036054065,0,0.006
0.5017499928542016,1.0070245572668486,0,0.007
0.5019999893334016,1.0080320855042735,0,0.008
0.5022499848126231,1.0090406217738679,0,0.009000000000000001
0.5024999791668749,1.010050167084168,0,0.01
0.5027499722711688,1.0110607224447197,0,0.011
0.5029999640005184,1.0120722888660778,0,0.012
0.5032499542299401,1.0130848673598092,0,0.013000000000000001
0.5034999428344538,1.0140984589384923,0,0.014
0.5037499296890819,1.015113064615719,0,0.015
0.5039999146688512,1.016128685406095,0,0.016
0.5042498976487912,1.0171453223252407,0,0.017
0.5044998785039364,1.0181629763897937,0,0.018000000000000002
0.5047498571093251,1.0191816486174081,0,0.019
0.5049998333399998,1.020201340026756,0,0.02
0.5052498070710082,1.0212220516375288,0,0.021
0.5054997781774029,1.0222437844704382,0,0.022
0.5057497465342417,1.0232665395472176,0,0.023
0.5059997120165879,1.0242903178906215,0,0.024
0.5062496744995104,1.0253151205244289,0,0.025
0.5064996338580845,1.026340948473442,0,0.026000000000000002
0.5067495899673914,1.0273678027634894,0,0.027
0.5069995427025188,1.028395684421425,0,0.028
0.5072494919385613,1.0294245944751308,0,0.029
0.5074994375506203,1.0304545339535167,0,0.03
0.5077493794138049,1.0314855038865227,0,0.031
0.5079993174032311,1.0325175053051185,0,0.032
0.5082492513940231,1.0335505392413056,0,0.033
0.5084991812613128,1.034584606728118,0,0.034
0.5087491068802403,1.0356197087996233,0,0.035
0.5089990281259547,1.0366558464909237,0,0.036000000000000004
0.5092489448736133,1.0376930208381572,0,0.037
0.5094988569983825,1.0387312328784977,0,0.038
0.5097487643754381,1.0397704836501578,0,0.039
0.5099986668799655,1.0408107741923882,0,0.04
0.5102485643871594,1.0418521055454797,0,0.041
0.5104984567722248,1.0428944787507632,0,0.042
0.5107483439103769,1.0439378948506126,0,0.043000000000000003
0.5109982256768415,1.0449823548884438,0,0.044
0.5112481019468548,1.046027859908717,0,0.045
0.5114979725956643,1.0470744109569372,0,0.046
0.5117478374985286,1.0481220090796557,0,0.047
0.5119976965307179,1.0491706553244706,0,0.048
0.5122475495675138,1.050220350740028,0,0.049
0.5124973964842103,1.051271096376024,0,0.05
0.5127472371561135,1.0523228932832038,0,0.051000000000000004
0.5129970714585418,1.0533757425133647,0,0.052000000000000005
0.5132468992668264,1.054429645119356,0,0.053
0.5134967204563116,1.05548460215508,0,0.054
0.513746534902355,1.0565406146754943,0,0.055
0.5139963424803272,1.0575976837366112,0,0.056
0.5142461430656131,1.0586558103955002,0,0.057
0.5144959365336113,1.0597149957102876,0,0.058
0.5147457227597345,1.0607752407401592,0,0.059000000000000004
0.51499550161941,1.0618365465453596,0,0.06
0.51524527298808,1.0628989141871954,0,0.061
0.5154950367412013,1.0639623447280337,0,0.062
0.515744792754246,1.0650268392313054,0,0.063
0.515994540902702,1.0660923987615052,0,0.064
0.5162442810620724,1.0671590243841926,0,0.065
0.5164940131078767,1.0682267171659932,0,0.066
0.5167437369156502,1.0692954781746002,0,0.067
0.516993452360945,1.0703653084787743,0,0.068
0.5172431593193296,1.0714362091483463,0,0.069
0.5174928576663897,1.0725081812542165,0,0.07
0.5177425472777281,1.0735812258683575,0,0.07100000000000001
0.5179922280289649,1.0746553440638136,0,0.07200000000000001
0.5182418997957381,1.0757305369147034,0,0.073
0.5184915624537035,1.0768068054962199,0,0.074
0.5187412158785352,1.0778841508846317,0,0.075
0.5189908599459256,1.078962574157284,0,0.076
0.5192404945315857,1.0800420763926004,0,0.077
0.5194901195112458,1.081122658670083,0,0.078
0.5197397347606549,1.0822043220703148,0,0.079
0.5199893401555818,1.0832870676749586,0,0.08
0.5202389355718147,1.0843708965667604,0,0.081
0.5204885208851617,1.085455809829549,0,0.082
0.5207380959714514,1.0865418085482381,0,0.083
0.5209876607065324,1.087628893808826,0,0.084
0.5212372149662741,1.0887170666983987,0,0.085
0.5214867586265669,1.0898063283051287,0,0.08600000000000001
0.5217362915633222,1.0908966797182778,0,0.08700000000000001
0.5219858136524729,1.0919881220281975,0,0.088
0.5222353247699734,1.09308065632633,0,0.089
0.5224848247918001,1.0941742837052104,0,0.09
0.5227343135939515,1.0952690052584655,0,0.091
0.5229837910524483,1.096364822080817,0,0.092
0.5232332570433341,1.097461735268082,0,0.093
0.5234827114426752,1.0985597459171736,0,0.094
0.523732154126561,1.099658855126103,0,0.095
0.5239815849711044,1.1007590639939788,0,0.096
0.5242310038524417,1.1018603736210106,0,0.097
0.5244804106467331,1.1029627851085078,0,0.098
0.524729805230163,1.104066299558882,0,0.099
0.52497918747894,1.1051709180756477,0,0.1
0.5252285572692973,1.1062766417634236,0,0.101
0.525477914477493,1.1073834717279334,0,0.10200000000000001
0.5257272589798103,1.1084914090760072,0,0.10300000000000001
0.5259765906525575,1.1096004549155825,0,0.10400000000000001
0.5262259093720687,1.1107106103557052,0,0.105
0.5264752150147037,1.1118218765065309,0,0.106
0.5267245074568483,1.1129342544793255,0,0.107
0.5269737865749146,1.1140477453864677,0,0.108
0.5272230522453413,1.1151623503414478,0,0.109
0.5274723043445937,1.1162780704588715,0,0.11
0.5277215427491645,1.1173949068544582,0,0.111
0.5279707673355735,1.1185128606450452,0,0.112
0.5282199779803676,1.119631932948586,0,0.113
0.528469174560122,1.1207521248841532,0,0.114
0.5287183569514396,1.1218734375719384,0,0.115
0.5289675250309518,1.1229958721332547,0,0.116
0.5292166786753182,1.1241194296905368,0,0.117
0.529465817761227,1.1252441113673424,0,0.11800000000000001
0.529714942165396,1.1263699182883529,0,0.11900000000000001
0.5299640517645717,1.1274968515793757,0,0.12
0.5302131464355301,1.128624912367344,0,0.121
0.5304622260550769,1.1297541017803185,0,0.122
0.5307112905000478,1.1308844209474893,0,0.123
0.5309603396473089,1.1320158709991752,0,0.124
0.5312093733737563,1.133148453066826,0,0.125
0.5314583915563169,1.1342821682830249,0,0.126
0.5317073940719488,1.1354170177814864,0,0.127
0.5319563807976407,1.1365530026970603,0,0.128
0.5322053516104134,1.1376901241657316,0,0.129
0.5324543063873187,1.1388283833246218,0,0.13
0.5327032450054405,1.1399677813119904,0,0.131
0.532952167341895,1.141108319267235,0,0.132
0.5332010732738305,1.1422499983308942,0,0.133
0.5334499626784278,1.143392819644647,0,0.134
0.5336988354329009,1.1445367843513146,0,0.135
0.5339476914144965,1.1456818935948618,0,0.136
0.5341965305004951,1.1468281485203982,0,0.137
0.5344453525682101,1.1479755502741786,0,0.138
0.5346941574949894,1.149124100003605,0,0.139
0.5349429451582145,1.1502737988572271,0,0.14
0.5351917154353011,1.1514246479847443,0,0.14100000000000001
0.5354404682036998,1.152576648537005,0,0.14200000000000002
0.5356892033408956,1.1537298016660102,0,0.14300000000000002
0.5359379207244088,1.1548841085249137,0,0.14400000000000002
0.5361866202317948,1.1560395702680215,0,0.145
0.5364353017406441,1.1571961880507962,0,0.146
0.5366839651285836,1.1583539630298552,0,0.147
0.5369326102732759,1.1595128963629737,0,0.148
0.5371812370524195,1.1606729892090857,0,0.149
0.5374298453437496,1.161834242728283,0,0.15
0.537678435025038,1.16299665808182,0,0.151
0.5379270059740934,1.1641602364321124,0,0.152
0.5381755580687618,1.165324978942738,0,0.153
0.5384240911869264,1.1664908867784394,0,0.154
0.538672605206508,1.167657961105125,0,0.155
0.5389211000054653,1.168826203089869,0,0.156
0.5391695754617953,1.1699956139009136,0,0.157
0.5394180314535331,1.1711661947076695,0,0.158
0.5396664678587524,1.1723379466807176,0,0.159
0.5399148845555657,1.1735108709918103,0,0.16
0.5401632814221246,1.1746849688138716,0,0.161
0.5404116583366201,1.1758602413209998,0,0.162
0.5406600151772822,1.1770366896884672,0,0.163
0.5409083518223816,1.1782143150927222,0,0.164
0.541156668150228,1.1793931187113904,0,0.165
0.541404964039172,1.1805731017232761,0,0.166
0.5416532393676042,1.1817542653083617,0,0.167
0.5419014940139564,1.1829366106478107,0,0.168
0.5421497278567008,1.1841201389239693,0,0.169
0.542397940774351,1.1853048513203654,0,0.17
0.5426461326454622,1.1864907490217118,0,0.171
0.542894303348631,1.1876778332139057,0,0.17200000000000001
0.5431424527624958,1.1888661050840321,0,0.17300000000000001
0.5433905807657374,1.1900555658203626,0,0.17400000000000002
0.5436386872370789,1.191246216612358,0,0.17500000000000002
0.5438867720552856,1.1924380586506693,0,0.176
0.5441348350991659,1.1936310931271388,0,0.177
0.5443828762475714,1.1948253212348008,0,0.178
0.5446308953793968,1.1960207441678836,0,0.179
0.5448788923735801,1.1972173631218102,0,0.18
0.5451268671091033,1.1984151792931996,0,0.181
0.5453748194649926,1.1996141938798683,0,0.182
0.5456227493203178,1.2008144080808307,0,0.183
0.5458706565541938,1.2020158230963014,0,0.184
0.5461185410457796,1.2032184401276953,0,0.185
0.5463664026742796,1.2044222603776296,0,0.186
0.5466142413189431,1.2056272850499248,0,0.187
0.5468620568590646,1.2068335153496053,0,0.188
0.5471098491739846,1.2080409524829017,0,0.189
0.5473576181430894,1.2092495976572515,0,0.19
0.5476053636458107,1.2104594520812995,0,0.191
0.5478530855616275,1.2116705169649005,0,0.192
0.5481007837700647,1.2128827935191195,0,0.193
0.548348458150694,1.214096282956233,0,0.194
0.5485961085831343,1.2153109864897307,0,0.195
0.5488437349470517,1.2165269053343162,0,0.196
0.5490913371221596,1.2177440407059084,0,0.197
0.5493389149882192,1.2189623938216427,0,0.198
0.5495864684250396,1.2201819658998725,0,0.199
0.549833997312478,1.2214027581601699,0,0.2
0.5500815015304399,1.2226247718233272,0,0.201
0.5503289809588797,1.2238480081113583,0,0.202
0.5505764354778004,1.2250724682474994,0,0.203
0.550823864967254,1.2262981534562105,0,0.20400000000000001
0.551071269307342,1.2275250649631777,0,0.20500000000000002
0.5513186483782152,1.228753203995312,0,0.20600000000000002
0.5515660020600744,1.2299825717807527,0,0.20700000000000002
0.5518133302331701,1.2312131695488675,0,0.20800000000000002
0.5520606327778034,1.2324449985302548,0,0.209
0.5523079095743253,1.2336780599567432,0,0.21
0.5525551605031378,1.2349123550613943,0,0.211
0.5528023854446936,1.2361478850785033,0,0.212
0.553049584279497,1.2373846512436006,0,0.213
0.5532967568881029,1.2386226547934522,0,0.214
0.5535439031511183,1.239861896966062,0,0.215
0.5537910229492018,1.2411023790006719,0,0.216
0.554038116163064,1.242344102137764,0,0.217
0.5542851826734679,1.243587067619062,0,0.218
0.5545322223612288,1.2448312766875311,0,0.219
0.5547792351072148,1.2460767305873808,0,0.22
0.5550262207923469,1.2473234305640648,0,0.221
0.555273179297599,1.2485713778642835,0,0.222
0.555520110503999,1.249820573735984,0,0.223
0.5557670142926276,1.2510710194283623,0,0.224
0.5560138905446199,1.2523227161918642,0,0.225
0.556260739141165,1.253575665278187,0,0.226
0.556507559963506,1.2548298679402794,0,0.227
0.5567543528929406,1.256085325432344,0,0.228
0.5570011178108214,1.2573420390098389,0,0.229
0.5572478545985555,1.2586000099294778,0,0.23
0.5574945631376058,1.2598592394492314,0,0.231
0.55774124330949,1.2611197288283293,0,0.232
0.5579878949957817,1.2623814793272614,0,0.233
0.5582345180781104,1.2636444922077779,0,0.234
0.5584811124381613,1.2649087687328917,0,0.23500000000000001
0.5587276779576763,1.2661743101668799,0,0.23600000000000002
0.5589742145184536,1.2674411177752838,0,0.23700000000000002
0.5592207220023481,1.2687091928249108,0,0.23800000000000002
0.5594672002912715,1.2699785365838365,0,0.23900000000000002
0.5597136492671929,1.2712491503214045,0,0.24
0.5599600688121389,1.272521035308229,0,0.241
0.5602064588081933,1.2737941928161949,0,0.242
0.5604528191374981,1.2750686241184594,0,0.243
0.560699149682253,1.2763443304894546,0,0.244
0.5609454503247162,1.2776213132048868,0,0.245
0.5611917209472044,1.2788995735417383,0,0.246
0.5614379614320928,1.2801791127782698,0,0.247
0.5616841716618158,1.2814599321940212,0,0.248
0.5619303515188666,1.2827420330698112,0,0.249
0.5621765008857981,1.2840254166877414,0,0.25
0.5624226196452226,1.2853100843311953,0,0.251
0.5626687076798121,1.2865960372848406,0,0.252
0.5629147648722987,1.2878832768346304,0,0.253
0.563160791105475,1.2891718042678042,0,0.254
0.5634067862621936,1.2904616208728898,0,0.255
0.5636527502253681,1.2917527279397039,0,0.256
0.5638986828779728,1.2930451267593537,0,0.257
0.564144584103043,1.2943388186242377,0,0.258
0.5643904537836757,1.2956338048280482,0,0.259
0.5646362918030292,1.2969300866657718,0,0.26
0.5648820980443233,1.29822766543369,0,0.261
0.5651278723908402,1.2995265424293816,0,0.262
0.5653736147259241,1.3008267189517244,0,0.263
0.5656193249329815,1.3021281963008942,0,0.264
0.5658650028954817,1.3034309757783689,0,0.265
0.5661106484969565,1.3047350586869277,0,0.266
0.5663562616210012,1.3060404463306545,0,0.267
0.5666018421512738,1.307347140014936,0,0.268
0.5668473899714965,1.3086551410464666,0,0.269
0.5670929049654543,1.3099644507332473,0,0.27
0.5673383870169968,1.3112750703845881,0,0.271
0.5675838360100374,1.3125870013111083,0,0.272
0.5678292518285538,1.3139002448247392,0,0.273
0.5680746343565884,1.3152148022387244,0,0.274
0.5683199834782481,1.3165306748676218,0,0.275
0.5685652990777049,1.3178478640273033,0,0.276
0.5688105810391961,1.3191663710349588,0,0.277
0.5690558292470241,1.3204861972090955,0,0.278
0.5693010435855572,1.3218073438695392,0,0.279
0.569546223939229,1.3231298123374369,0,0.28
0.5697913701925398,1.3244536039352575,0,0.281
0.5700364822300554,1.325778719986792,0,0.28200000000000003
0.5702815599364087,1.3271051618171572,0,0.28300000000000003
0.5705266031962988,1.3284329307527947,0,0.28400000000000003
0.5707716118944918,1.3297620281214737,0,0.28500000000000003
0.5710165859158207,1.3310924552522916,0,0.28600000000000003
0.5712615251451861,1.3324242134756759,0,0.28700000000000003
0.5715064294675559,1.3337573041233848,0,0.28800000000000003
0.5717512987679656,1.3350917285285084,0,0.289
0.5719961329315186,1.3364274880254718,0,0.29
0.5722409318433866,1.3377645839500352,0,0.291
0.5724856953888094,1.3391030176392937,0,0.292
0.5727304234530955,1.3404427904316814,0,0.293
0.572975115921622,1.3417839036669712,0,0.294
0.5732197726798348,1.3431263586862767,0,0.295
0.5734643936132494,1.3444701568320527,0,0.296
0.5737089786074501,1.3458152994480976,0,0.297
0.573953527548091,1.347161787879554,0,0.298
0.574198040320896,1.3485096234729106,0,0.299
0.574442516811659,1.349858807576003,0,0.3
0.5746869569062438,1.3512093415380155,0,0.301
0.574931360490585,1.3525612267094822,0,0.302
0.5751757274506873,1.3539144644422882,0,0.303
0.5754200576726266,1.3552690560896716,0,0.304
0.5756643510425494,1.3566250030062241,0,0.305
0.5759086074466737,1.3579823065478922,0,0.306
0.5761528267712888,1.3593409680719806,0,0.307
0.5763970089027555,1.3607009889371502,0,0.308
0.5766411537275064,1.362062370503422,0,0.309
0.5768852611320463,1.3634251141321778,0,0.31
0.577129331002952,1.3647892211861614,0,0.311
0.5773733632268729,1.36615469302948,0,0.312
0.5776173576905307,1.3675215310276052,0,0.313
0.5778613142807202,1.3688897365473756,0,0.314
0.5781052328843092,1.3702593109569967,0,0.315
0.5783491133882382,1.3716302556260427,0,0.316
0.5785929556795221,1.3730025719254586,0,0.317
0.5788367596452483,1.3743762612275612,0,0.318
0.5790805251725788,1.3757513249060394,0,0.319
0.5793242521487495,1.3771277643359572,0,0.32
0.57956794046107,1.3785055808937539,0,0.321
0.5798115899969248,1.3798847759572466,0,0.322
0.5800552006437731,1.38126535090563,0,0.323
0.5802987722891484,1.3826473071194794,0,0.324
0.5805423048206596,1.3840306459807514,0,0.325
0.5807857981259906,1.3854153688727846,0,0.326
0.5810292520929009,1.3868014771803021,0,0.327
0.5812726666092255,1.3881889722894123,0,0.328
0.581516041562875,1.3895778555876106,0,0.329
0.5817593768418363,1.39096812846378,0,0.33
0.5820026723341722,1.3923597923081943,0,0.331
0.5822459279280222,1.3937528485125166,0,0.332
0.5824891435116021,1.3951472984698035,0,0.333
0.5827323189732048,1.3965431435745055,0,0.334
0.5829754542011996,1.397940385222467,0,0.335
0.5832185490840334,1.3993390248109305,0,0.336
0.5834616035102305,1.4007390637385353,0,0.337
0.5837046173683925,1.4021405034053207,0,0.338
0.5839475905471991,1.4035433452127262,0,0.339
0.5841905229354073,1.4049475905635938,0,0.34
0.584433414421853,1.4063532408621693,0,0.341
0.5846762648954498,1.4077602975141026,0,0.342
0.5849190742451903,1.4091687619264508,0,0.343
0.5851618423601453,1.4105786355076786,0,0.34400000000000003
0.585404569129465,1.411989919667659,0,0.34500000000000003
0.5856472544423785,1.413402615817677,0,0.34600000000000003
0.585889898188194,1.4148167253704287,0,0.34700000000000003
0.5861325002562995,1.4162322497400235,0,0.34800000000000003
0.5863750605361624,1.417649190341986,0,0.34900000000000003
0.5866175789173301,1.4190675485932571,0,0.35000000000000003
0.5868600552894299,1.420487325912195,0,0.35100000000000003
0.5871024895421696,1.4219085237185776,0,0.352
0.5873448815653372,1.4233311434336018,0,0.353
0.5875872312488012,1.4247551864798884,0,0.354
0.5878295384825115,1.42618065428148,0,0.355
0.5880718031564981,1.4276075482638448,0,0.356
0.588314025160873,1.429035869853877,0,0.357
0.5885562043858291,1.430465620479898,0,0.358
0.5887983407216411,1.4318968015716587,0,0.359
0.5890404340586651,1.4333294145603404,0,0.36
0.5892824842873394,1.4347634608785558,0,0.361
0.5895244912981846,1.4361989419603518,0,0.362
0.589766454981803,1.4376358592412095,0,0.363
0.59000837522888,1.4390742141580464,0,0.364
0.5902502519301834,1.440514008149217,0,0.365
0.5904920849765638,1.441955242654516,0,0.366
0.5907338742589551,1.4433979191151778,0,0.367
0.590975619668374,1.444842038973879,0,0.368
0.591217321095921,1.4462876036747396,0,0.369
0.5914589784327801,1.4477346146633243,0,0.37
0.591700591570219,1.4491830733866444,0,0.371
0.5919421603995894,1.4506329812931589,0,0.372
0.592183684812327,1.4520843398327752,0,0.373
0.5924251646999523,1.4535371504568524,0,0.374
0.5926665999540697,1.4549914146182013,0,0.375
0.5929079904663688,1.456447133771086,0,0.376
0.5931493361286236,1.4579043093712258,0,0.377
0.5933906368326937,1.4593629428757966,0,0.378
0.5936318924705234,1.4608230357434318,0,0.379
0.5938731029341427,1.4622845894342247,0,0.38
0.5941142681156673,1.4637476054097287,0,0.381
0.5943553879072982,1.46521208513296,0,0.382
0.5945964622013231,1.4666780300683986,0,0.383
0.5948374908901151,1.4681454416819895,0,0.384
0.595078473866134,1.4696143214411441,0,0.385
0.5953194110219262,1.4710846708147431,0,0.386
0.5955603022501242,1.4725564912731355,0,0.387
0.5958011474434483,1.4740297842881416,0,0.388
0.5960419464947048,1.475504551333055,0,0.389
0.5962826992967879,1.4769807938826427,0,0.39
0.5965234057426788,1.4784585134131472,0,0.391
0.5967640657254465,1.4799377114022885,0,0.392
0.5970046791382475,1.4814183893292643,0,0.393
0.5972452458743265,1.482900548674753,0,0.394
0.5974857658270161,1.484384190920914,0,0.395
0.5977262388897371,1.4858693175513895,0,0.396
0.5979666649559988,1.4873559300513066,0,0.397
0.5982070439193993,1.4888440299072776,0,0.398
0.5984473756736252,1.4903336186074025,0,0.399
0.598687660112452,1.4918246976412703,0,0.4
0.5989278971297447,1.49331726849996,0,0.401
0.5991680866194572,1.4948113326760428,0,0.402
0.5994082284756332,1.4963068916635827,0,0.403
0.599648322592406,1.4978039469581388,0,0.404
0.5998883688639983,1.499302500056767,0,0.405
0.6001283671847233,1.50080255245802,0,0.406
0.6003683174489842,1.5023041056619504,0,0.40700000000000003
0.6006082195512744,1.5038071611701118,0,0.40800000000000003
0.6008480733861782,1.50531172048556,0,0.40900000000000003
0.6010878788483698,1.5068177851128535,0,0.41000000000000003
0.6013276358326151,1.508325356558058,0,0.41100000000000003
0.6015673442337702,1.5098344363287446,0,0.41200000000000003
0.6018070039467833,1.5113450259339938,0,0.41300000000000003
0.6020466148666933,1.5128571268843947,0,0.41400000000000003
0.6022861768886306,1.5143707406920484,0,0.41500000000000004
0.6025256899078177,1.515885868870569,0,0.41600000000000004
0.6027651538195685,1.5174025129350845,0,0.417
0.6030045685192893,1.5189206744022399,0,0.418
0.6032439339024783,1.5204403547901961,0,0.419
0.6034832498647262,1.5219615556186337,0,0.42
0.6037225163017164,1.523484278408754,0,0.421
0.6039617331092245,1.5250085246832792,0,0.422
0.6042009001831192,1.5265342959664565,0,0.423
0.6044400174193626,1.5280615937840571,0,0.424
0.6046790847140093,1.5295904196633785,0,0.425
0.6049181019632078,1.5311207751332474,0,0.426
0.6051570690631998,1.5326526617240186,0,0.427
0.6053959859103207,1.5341860809675796,0,0.428
0.6056348524009999,1.5357210343973493,0,0.429
0.6058736684317606,1.5372575235482813,0,0.43
0.6061124338992203,1.5387955499568648,0,0.431
0.6063511487000909,1.5403351151611269,0,0.432
0.6065898127311785,1.5418762207006325,0,0.433
0.6068284258893842,1.543418868116487,0,0.434
0.6070669880717036,1.5449630589513381,0,0.435
0.6073054991752274,1.5465087947493774,0,0.436
0.6075439590971417,1.5480560770563399,0,0.437
0.607782367734727,1.5496049074195088,0,0.438
0.6080207249853606,1.5511552873877141,0,0.439
0.6082590307465143,1.552707218511336,0,0.44
0.6084972849157563,1.5542607023423058,0,0.441
0.6087354873907502,1.5558157404341075,0,0.442
0.6089736380692562,1.5573723343417794,0,0.443
0.6092117368491302,1.5589304856219155,0,0.444
0.6094497836283251,1.5604901958326667,0,0.445
0.6096877783048902,1.5620514665337442,0,0.446
0.609925720776971,1.5636142992864182,0,0.447
0.6101636109428106,1.5651786956535214,0,0.448
0.6104014487007485,1.5667446571994514,0,0.449
0.610639233949222,1.5683121854901687,0,0.45
0.6108769665867652,1.5698812820932024,0,0.451
0.6111146465120099,1.5714519485776488,0,0.452
0.6113522736236857,1.5730241865141752,0,0.453
0.6115898478206196,1.5745979974750188,0,0.454
0.6118273690017371,1.576173383033991,0,0.455
0.6120648370660614,1.5777503447664778,0,0.456
0.612302251912714,1.5793288842494408,0,0.457
0.6125396134409151,1.5809090030614197,0,0.458
0.6127769215499831,1.5824907027825335,0,0.459
0.6130141761393355,1.5840739849944818,0,0.46
0.6132513771084882,1.585658851280547,0,0.461
0.6134885243570565,1.587245303225596,0,0.462
0.6137256177847547,1.58883334241608,0,0.463
0.6139626572913965,1.590422970440039,0,0.464
0.6141996427768951,1.5920141888871013,0,0.465
0.6144365741412633,1.5936069993484847,0,0.466
0.6146734512846136,1.5952014034170003,0,0.467
0.6149102741071585,1.5967974026870528,0,0.468
0.6151470425092104,1.5983949987546406,0,0.46900000000000003
0.6153837563911821,1.5999941932173602,0,0.47000000000000003
0.6156204156535869,1.6015949876744067,0,0.47100000000000003
0.6158570201970384,1.603197383726574,0,0.47200000000000003
0.6160935699222507,1.6048013829762589,0,0.47300000000000003
0.6163300647300388,1.6064069870274602,0,0.47400000000000003
0.6165665045213193,1.6080141974857827,0,0.47500000000000003
0.6168028891971089,1.609623015958437,0,0.47600000000000003
0.6170392186585261,1.6112334440542406,0,0.47700000000000004
0.6172754928067907,1.6128454833836232,0,0.47800000000000004
0.6175117115432239,1.614459135558623,0,0.47900000000000004
0.617747874769249,1.6160744021928934,0,0.48
0.6179839823863905,1.6176912849017004,0,0.481
0.6182200342962754,1.6193097853019272,0,0.482
0.6184560304006326,1.620929905012074,0,0.483
0.618691970601293,1.6225516456522613,0,0.484
0.6189278548001903,1.6241750088442295,0,0.485
0.6191636828993606,1.6257999962113416,0,0.486
0.6193994548009427,1.6274266093785854,0,0.487
0.6196351704071781,1.629054849972574,0,0.488
0.6198708296204114,1.6306847196215486,0,0.489
0.6201064323430902,1.632316219955379,0,0.49
0.6203419784777653,1.633949352605565,0,0.491
0.6205774679270909,1.6355841192052398,0,0.492
0.620812900593825,1.6372205213891702,0,0.493
0.6210482763808289,1.6388585607937585,0,0.494
0.6212835951910678,1.640498239057044,0,0.495
0.621518856927611,1.6421395578187055,0,0.496
0.6217540614936317,1.6437825187200612,0,0.497
0.6219892087924072,1.645427123404073,0,0.498
0.6222242987273193,1.647073373515345,0,0.499
0.6224593312018546,1.6487212707001282,0,0.5
0.6226943061196036,1.6503708166063191,0,0.501
0.6229292233842622,1.6520220128834642,0,0.502
0.6231640828996309,1.65367486118276,0,0.503
0.6233988845696153,1.655329363157055,0,0.504
0.623633628298226,1.6569855204608508,0,0.505
0.6238683139895791,1.6586433347503051,0,0.506
0.6241029415478963,1.6603028076832325,0,0.507
0.624337510877504,1.6619639409191058,0,0.508
0.6245720218828356,1.6636267361190586,0,0.509
0.6248064744684292,1.6652911949458862,0,0.51
0.6250408685389296,1.6669573190640476,0,0.511
0.6252752039990872,1.6686251101396667,0,0.512
0.6255094807537589,1.6702945698405351,0,0.513
0.6257436987079079,1.671965699836113,0,0.514
0.6259778577666038,1.6736385017975297,0,0.515
0.6262119578350228,1.6753129773975874,0,0.516
0.6264459988184481,1.6769891283107623,0,0.517
0.6266799806222696,1.6786669562132055,0,0.518
0.626913903151984,1.6803464627827445,0,0.519
0.6271477663131956,1.6820276496988862,0,0.52
0.6273815700116154,1.683710518642818,0,0.521
0.6276153141530625,1.685395071297409,0,0.522
0.6278489986434628,1.6870813093472112,0,0.523
0.62808262338885,1.6887692344784637,0,0.524
0.6283161882953663,1.6904588483790912,0,0.525
0.6285496932692606,1.6921501527387082,0,0.526
0.6287831382168909,1.693843149248619,0,0.527
0.6290165230447226,1.6955378396018197,0,0.528
0.6292498476593298,1.6972342254930015,0,0.529
0.6294831119673949,1.6989323086185508,0,0.53
0.6297163158757086,1.7006320906765495,0,0.531
0.6299494592911709,1.7023335733667815,0,0.532
0.6301825421207895,1.7040367583907279,0,0.533
0.630415564271682,1.7057416474515747,0,0.534
0.6306485256510744,1.7074482422542112,0,0.535
0.6308814261663023,1.7091565445052326,0,0.536
0.6311142657248102,1.710866555912941,0,0.537
0.6313470442341521,1.7125782781873475,0,0.538
0.6315797616019916,1.7142917130401751,0,0.539
0.6318124177361016,1.7160068621848585,0,0.54
0.6320450125443653,1.7177237273365469,0,0.541
0.6322775459347753,1.7194423102121061,0,0.542
0.6325100178154341,1.7211626125301187,0,0.543
0.6327424280945549,1.7228846360108874,0,0.544
0.6329747766804606,1.7246083823764353,0,0.545
0.6332070634815847,1.7263338533505097,0,0.546
0.6334392884064709,1.728061050658581,0,0.547
0.6336714513637738,1.7297899760278472,0,0.548
0.6339035522622584,1.7315206311872335,0,0.549
0.6341355910108007,1.7332530178673955,0,0.55
0.6343675675183876,1.7349871378007193,0,0.551
0.6345994816941168,1.7367229927213257,0,0.552
0.6348313334471978,1.7384605843650698,0,0.553
0.6350631226869506,1.7401999144695426,0,0.554
0.635294849322807,1.7419409847740752,0,0.555
0.6355265132643104,1.743683797019738,0,0.556
0.6357581144211155,1.7454283529493428,0,0.557
0.6359896527029889,1.7471746543074462,0,0.558
0.636221128019809,1.7489227028403493,0,0.559
0.6364525402815664,1.7506725002961012,0,0.56
0.6366838893983633,1.752424048424499,0,0.561
0.6369151752804144,1.7541773489770913,0,0.562
0.6371463978380469,1.755932403707179,0,0.5630000000000001
0.6373775569816997,1.7576892143698166,0,0.5640000000000001
0.637608652621925,1.7594477827218153,0,0.5650000000000001
0.6378396846693872,1.7612081105217432,0,0.5660000000000001
0.6380706530348634,1.7629701995299278,0,0.5670000000000001
0.6383015576292438,1.7647340515084597,0,0.5680000000000001
0.6385323983635313,1.76649966822119,0,0.5690000000000001
0.6387631751488418,1.768267051433735,0,0.5700000000000001
0.6389938878964051,1.7700362029134795,0,0.5710000000000001
0.6392245365175633,1.771807124429574,0,0.5720000000000001
0.6394551209237722,1.773579817752941,0,0.5730000000000001
0.6396856410266016,1.7753542846562735,0,0.5740000000000001
0.6399160967377341,1.7771305269140383,0,0.5750000000000001
0.6401464879689668,1.7789085463024783,0,0.5760000000000001
0.6403768146322099,1.7806883445996124,0,0.577
0.640607076639488,1.7824699235852401,0,0.578
0.6408372739029394,1.78425328504094,0,0.579
0.6410674063348171,1.7860384307500732,0,0.58
0.6412974738474874,1.7878253624977862,0,0.581
0.6415274763534319,1.7896140820710107,0,0.582
0.6417574137652458,1.7914045912584664,0,0.583
0.6419872859956395,1.7931968918506624,0,0.584
0.6422170929574377,1.7949909856399,0,0.585
0.6424468345635799,1.7967868744202729,0,0.586
0.6426765107271205,1.7985845599876695,0,0.587
0.6429061213612289,1.8003840441397758,0,0.588
0.6431356663791895,1.802185328676077,0,0.589
0.6433651456944017,1.8039884153978567,0,0.59
0.6435945592203803,1.8057933061082025,0,0.591
0.6438239068707556,1.8076000026120045,0,0.592
0.6440531885592731,1.8094085067159598,0,0.593
0.6442824041997938,1.8112188202285726,0,0.594
0.6445115537062945,1.8130309449601565,0,0.595
0.644740636992868,1.8148448827228365,0,0.596
0.6449696539737225,1.8166606353305503,0,0.597
0.6451986045631822,1.8184782045990513,0,0.598
0.6454274886756878,1.820297592345908,0,0.599
0.6456563062257954,1.8221188003905087,0,0.6
0.645885057128178,1.823941830554062,0,0.601
0.6461137412976246,1.8257666846595977,0,0.602
0.6463423586490405,1.82759336453197,0,0.603
0.6465709090974481,1.8294218719978592,0,0.604
0.6467993925579857,1.8312522088857732,0,0.605
0.6470278089459086,1.8330843770260485,0,0.606
0.647256158176589,1.8349183782508534,0,0.607
0.6474844401655158,1.8367542143941895,0,0.608
0.6477126548282953,1.8385918872918936,0,0.609
0.6479408020806503,1.8404313987816374,0,0.61
0.648168881838421,1.8422727507029337,0,0.611
0.6483968940175652,1.844115944897134,0,0.612
0.6486248385341573,1.8459609832074333,0,0.613
0.6488527153043901,1.8478078674788696,0,0.614
0.6490805242445733,1.849656599558327,0,0.615
0.6493082652711343,1.8515071812945383,0,0.616
0.6495359383006182,1.8533596145380853,0,0.617
0.6497635432496879,1.8552139011414013,0,0.618
0.6499910800351246,1.8570700429587725,0,0.619
0.6502185485738271,1.858928041846342,0,0.62
0.650445948782812,1.8607878996621081,0,0.621
0.6506732805792148,1.8626496182659291,0,0.622
0.6509005438802886,1.8645131995195234,0,0.623
0.6511277386034051,1.8663786452864726,0,0.624
0.6513548646660542,1.8682459574322223,0,0.625
0.6515819219858449,1.8701151378240857,0,0.626
0.6518089104805039,1.8719861883312423,0,0.627
0.6520358300678774,1.873859110824743,0,0.628
0.6522626806659297,1.8757339071775114,0,0.629
0.6524894621927444,1.8776105792643434,0,0.63
0.652716174566524,1.8794891289619107,0,0.631
0.6529428177055896,1.8813695581487635,0,0.632
0.6531693915283818,1.8832518687053312,0,0.633
0.6533958959534604,1.8851360625139248,0,0.634
0.653622330899504,1.8870221414587376,0,0.635
0.653848696285311,1.8889101074258496,0,0.636
0.6540749920297991,1.8907999623032261,0,0.637
0.6543012180520054,1.8926917079807226,0,0.638
0.6545273742710865,1.894585346350085,0,0.639
0.6547534606063192,1.8964808793049512,0,0.64
0.6549794769770994,1.898378308740855,0,0.641
0.6552054233029431,1.900277636555226,0,0.642
0.655431299503486,1.9021788646473912,0,0.643
0.6556571054984843,1.90408199491858,0,0.644
0.6558828412078137,1.9059870292719225,0,0.645
0.6561085065514702,1.9078939696124533,0,0.646
0.6563341014495703,1.9098028178471123,0,0.647
0.6565596258223505,1.9117135758847483,0,0.648
0.6567850795901675,1.91362624563612,0,0.649
0.6570104626734988,1.9155408290138962,0,0.65
0.6572357749929423,1.9174573279326612,0,0.651
0.6574610164692165,1.919375744308914,0,0.652
0.6576861870231604,1.9212960800610708,0,0.653
0.6579112865757341,1.9232183371094682,0,0.654
0.6581363150480182,1.9251425173763625,0,0.655
0.6583612723612142,1.9270686227859348,0,0.656
0.6585861584366447,1.9289966552642905,0,0.657
0.6588109731957534,1.9309266167394625,0,0.658
0.6590357165601051,1.9328585091414117,0,0.659
0.6592603884513855,1.9347923344020312,0,0.66
0.6594849887914017,1.936728094455147,0,0.661
0.6597095175020822,1.9386657912365182,0,0.662
0.659933974505477,1.940605426683842,0,0.663
0.6601583597237574,1.942547002736754,0,0.664
0.660382673079216,1.9444905213368313,0,0.665
0.6606069144942677,1.9464359844275911,0,0.666
0.6608310838914483,1.9483833939544983,0,0.667
0.6610551811934159,1.9503327518649614,0,0.668
0.66127920632295,1.952284060108339,0,0.669
0.6615031592029524,1.9542373206359398,0,0.67
0.6617270397564465,1.9561925354010237,0,0.671
0.6619508479065779,1.9581497063588058,0,0.672
0.6621745835766142,1.9601088354664575,0,0.673
0.662398246689945,1.9620699246831081,0,0.674
0.6626218371700825,1.9640329759698472,0,0.675
0.662845354940661,1.9659979912897259,0,0.676
0.663068799925437,1.9679649726077595,0,0.677
0.6632921720482895,1.9699339218909295,0,0.678
0.66351547123322,1.9719048411081859,0,0.679
0.6637386974043527,1.9738777322304473,0,0.68
0.663961850485934,1.9758525972306058,0,0.681
0.6641849304023333,1.9778294380835262,0,0.682
0.6644079370780427,1.9798082567660498,0,0.683
0.6646308704376769,1.9817890552569948,0,0.684
0.6648537304059736,1.9837718355371603,0,0.685
0.6650765169077935,1.9857565995893263,0,0.686
0.6652992298681197,1.9877433493982577,0,0.687
0.6655218692120594,1.9897320869507038,0,0.6880000000000001
0.6657444348648419,1.991722814235403,0,0.6890000000000001
0.6659669267518202,1.9937155332430825,0,0.6900000000000001
0.6661893447984704,1.995710245966461,0,0.6910000000000001
0.6664116889303915,1.9977069544002524,0,0.6920000000000001
0.6666339590733065,1.999705660541164,0,0.6930000000000001
0.6668561551530612,2.001706366387903,0,0.6940000000000001
0.6670782770956253,2.003709073941175,0,0.6950000000000001
0.6673003248270916,2.0057137852036884,0,0.6960000000000001
0.6675222982736769,2.007720502180154,0,0.6970000000000001
0.6677441973617212,2.009729226877289,0,0.6980000000000001
0.6679660220176884,2.0117399613038183,0,0.6990000000000001
0.6681877721681662,2.0137527074704766,0,0.7000000000000001
0.6684094477398658,2.01576746739001,0,0.7010000000000001
0.6686310486596224,2.017784243077179,0,0.7020000000000001
0.6688525748543954,2.019803036548759,0,0.7030000000000001
0.6690740262512674,2.0218238498235444,0,0.704
0.669295402777446,2.0238466849223475,0,0.705
0.669516704360262,2.0258715438680044,0,0.706
0.6697379309271708,2.027898428685374,0,0.707
0.6699590824057516,2.0299273414013417,0,0.708
0.6701801587237083,2.0319582840448196,0,0.709
0.6704011598088686,2.0339912586467506,0,0.71
0.6706220855891847,2.0360262672401097,0,0.711
0.6708429359927331,2.038063311859906,0,0.712
0.6710637109477151,2.040102394543184,0,0.713
0.671284410382456,2.0421435173290265,0,0.714
0.6715050342254059,2.044186682258557,0,0.715
0.671725582405139,2.0462318913749393,0,0.716
0.6719460548503549,2.048279146723384,0,0.717
0.6721664514898772,2.050328450351146,0,0.718
0.6723867722526546,2.052379804307529,0,0.719
0.6726070170677604,2.0544332106438876,0,0.72
0.6728271858643927,2.056488671413628,0,0.721
0.6730472785718746,2.0585461886722114,0,0.722
0.673267295119654,2.0606057644771543,0,0.723
0.6734872354373035,2.062667400888034,0,0.724
0.6737070994545213,2.0647310999664863,0,0.725
0.6739268871011302,2.0667968637762106,0,0.726
0.6741465983070782,2.068864694382971,0,0.727
0.6743662330024384,2.070934593854598,0,0.728
0.6745857911174089,2.0730065642609916,0,0.729
0.6748052725823135,2.075080607674123,0,0.73
0.6750246773276009,2.0771567261680337,0,0.731
0.6752440052838452,2.079234921818844,0,0.732
0.6754632563817458,2.08131519670475,0,0.733
0.6756824305521275,2.083397552906025,0,0.734
0.6759015277259407,2.0854819925050276,0,0.735
0.676120547834261,2.087568517586196,0,0.736
0.6763394908082899,2.0896571302360565,0,0.737
0.6765583565793539,2.091747832543221,0,0.738
0.6767771450789055,2.093840626598392,0,0.739
0.676995856238523,2.0959355144943643,0,0.74
0.6772144899899099,2.098032498326026,0,0.741
0.6774330462648956,2.100131580190361,0,0.742
0.6776515249954356,2.1022327621864507,0,0.743
0.6778699261136105,2.104336046415478,0,0.744
0.6780882495516275,2.1064414349807272,0,0.745
0.6783064952418191,2.1085489299875864,0,0.746
0.6785246631166438,2.110658533543552,0,0.747
0.6787427531086864,2.1127702477582266,0,0.748
0.6789607651506573,2.1148840747433253,0,0.749
0.679178699175393,2.1170000166126743,0,0.75
0.6793965551158561,2.119118075482217,0,0.751
0.6796143329051354,2.121238253470012,0,0.752
0.6798320324764454,2.1233605526962367,0,0.753
0.6800496537631274,2.1254849752831912,0,0.754
0.6802671966986484,2.127611523355298,0,0.755
0.6804846612166018,2.1297401990391056,0,0.756
0.6807020472507072,2.1318710044632896,0,0.757
0.6809193547348102,2.134003941758656,0,0.758
0.6811365836028835,2.1361390130581417,0,0.759
0.6813537337890256,2.1382762204968184,0,0.76
0.6815708052274612,2.140415566211894,0,0.761
0.6817877978525418,2.142557052342714,0,0.762
0.6820047115987454,2.144700681030765,0,0.763
0.682221546400676,2.146846454419676,0,0.764
0.6824383021930648,2.1489943746552203,0,0.765
0.6826549789107688,2.151144443885318,0,0.766
0.6828715764887721,2.153296664260039,0,0.767
0.6830880948621851,2.155451037931604,0,0.768
0.683304533966245,2.1576075670543857,0,0.769
0.6835208937363156,2.159766253784915,0,0.77
0.6837371741078874,2.161927100281878,0,0.771
0.6839533750165775,2.1640901087061213,0,0.772
0.6841694963981299,2.1662552812206535,0,0.773
0.6843855381884151,2.1684226199906473,0,0.774
0.6846015003234307,2.1705921271834425,0,0.775
0.684817382739301,2.172763804968545,0,0.776
0.6850331853722771,2.1749376555176343,0,0.777
0.6852489081587367,2.1771136810045597,0,0.778
0.6854645510351851,2.1792918836053476,0,0.779
0.6856801139382539,2.181472265498201,0,0.78
0.6858955968047016,2.1836548288635016,0,0.781
0.6861109995714141,2.1858395758838127,0,0.782
0.6863263221754041,2.188026508743883,0,0.783
0.6865415645538111,2.1902156296306434,0,0.784
0.6867567266439017,2.192406940733216,0,0.785
0.68697180838307,2.1946004442429117,0,0.786
0.6871868097088365,2.196796142353235,0,0.787
0.6874017305588492,2.1989940372598835,0,0.788
0.6876165708708831,2.2011941311607526,0,0.789
0.6878313305828404,2.2033964262559365,0,0.79
0.6880460096327503,2.2056009247477304,0,0.791
0.6882606079587695,2.2078076288406328,0,0.792
0.6884751254991814,2.2100165407413472,0,0.793
0.6886895621923971,2.2122276626587873,0,0.794
0.6889039179769546,2.2144409968040746,0,0.795
0.6891181927915194,2.2166565453905425,0,0.796
0.6893323865748839,2.218874310633741,0,0.797
0.6895464992659682,2.2210942947514347,0,0.798
0.6897605308038195,2.223316499963609,0,0.799
0.6899744811276125,2.225540928492468,0,0.8
0.6901883501766487,2.2277675825624406,0,0.801
0.6904021378903575,2.229996464400182,0,0.802
0.6906158442082957,2.232227576234573,0,0.803
0.690829469070147,2.2344609202967267,0,0.804
0.6910430124157229,2.2366964988199873,0,0.805
0.691256474184962,2.2389343140399323,0,0.806
0.6914698543179308,2.2411743681943785,0,0.807
0.6916831527548228,2.2434166635233797,0,0.808
0.6918963694359591,2.245661202269231,0,0.809
0.6921095043017882,2.2479079866764717,0,0.81
0.6923225572928862,2.2501570189918865,0,0.811
0.6925355283499566,2.2524083014645075,0,0.812
0.6927484174138304,2.254661836345618,0,0.8130000000000001
0.6929612244254663,2.2569176258887524,0,0.8140000000000001
0.6931739493259501,2.2591756723497016,0,0.8150000000000001
0.6933865920564958,2.261435977986511,0,0.8160000000000001
0.6935991525584441,2.2636985450594866,0,0.8170000000000001
0.6938116307732638,2.2659633758311957,0,0.8180000000000001
0.6940240266425514,2.2682304725664704,0,0.8190000000000001
0.6942363401080306,2.2704998375324057,0,0.8200000000000001
0.6944485711115527,2.272771472998368,0,0.8210000000000001
0.6946607195950968,2.275045381235993,0,0.8220000000000001
0.6948727855007696,2.277321564519189,0,0.8230000000000001
0.6950847687708052,2.279600025124139,0,0.8240000000000001
0.6952966693475653,2.2818807653293036,0,0.8250000000000001
0.6955084871735397,2.2841637874154244,0,0.8260000000000001
0.6957202221913452,2.2864490936655226,0,0.8270000000000001
0.6959318743437266,2.288736686364905,0,0.8280000000000001
0.6961434435735563,2.2910265678011648,0,0.8290000000000001
0.6963549298238342,2.293318740264183,0,0.8300000000000001
0.6965663330376879,2.2956132060461325,0,0.8310000000000001
0.6967776531583727,2.2979099674414796,0,0.8320000000000001
0.6969888901292717,2.3002090267469857,0,0.833
0.6972000438938956,2.3025103862617096,0,0.834
0.6974111143958823,2.304814048287012,0,0.835
0.697622101578998,2.307120015126555,0,0.836
0.6978330053871363,2.3094282890863056,0,0.837
0.6980438257643188,2.311738872474537,0,0.838
0.6982545626546939,2.314051767601834,0,0.839
0.6984652160025387,2.3163669767810915,0,0.84
0.6986757857522574,2.3186845023275184,0,0.841
0.6988862718483823,2.3210043465586416,0,0.842
0.6990966742355724,2.323326511794304,0,0.843
0.699306992858616,2.325651000356672,0,0.844
0.6995172276624274,2.3279778145702346,0,0.845
0.6997273785920498,2.3303069567618055,0,0.846
0.6999374455926537,2.332638429260527,0,0.847
0.700147428609537,2.3349722343978723,0,0.848
0.7003573275881256,2.3373083745076473,0,0.849
0.7005671424739729,2.3396468519259908,0,0.85
0.7007768732127603,2.3419876689913814,0,0.851
0.7009865197502964,2.344330828044636,0,0.852
0.7011960820325177,2.346676331428914,0,0.853
0.7014055600054885,2.3490241814897193,0,0.854
0.7016149536154007,2.3513743805749017,0,0.855
0.7018242628085736,2.3537269310346605,0,0.856
0.7020334875314546,2.3560818352215467,0,0.857
0.7022426277306182,2.3584390954904646,0,0.858
0.7024516833527672,2.360798714198674,0,0.859
0.7026606543447315,2.363160693705795,0,0.86
0.7028695406534687,2.3655250363738056,0,0.861
0.7030783422260646,2.367891744567051,0,0.862
0.7032870590097319,2.3702608206522373,0,0.863
0.7034956909518111,2.3726322669984423,0,0.864
0.7037042379997707,2.375006085977112,0,0.865
0.7039127001012062,2.3773822799620654,0,0.866
0.7041210772038412,2.3797608513294963,0,0.867
0.7043293692555267,2.3821418024579777,0,0.868
0.7045375762042413,2.3845251357284596,0,0.869
0.7047456979980911,2.3869108535242765,0,0.87
0.7049537345853097,2.3892989582311457,0,0.871
0.7051616859142585,2.391689452237172,0,0.872
0.7053695519334261,2.3940823379328497,0,0.873
0.7055773325914292,2.396477617711065,0,0.874
0.7057850278370112,2.3988752939670976,0,0.875
0.7059926376190437,2.401275369098624,0,0.876
0.7062001618865256,2.40367784550572,0,0.877
0.7064076005885831,2.4060827255908617,0,0.878
0.70661495367447,2.40849001175893,0,0.879
0.7068222210935676,2.4108997064172097,0,0.88
0.7070294027953845,2.4133118119753973,0,0.881
0.7072364987295573,2.415726330845598,0,0.882
0.7074435088458491,2.418143265442331,0,0.883
0.7076504330941509,2.4205626181825304,0,0.884
0.7078572714244814,2.42298439148555,0,0.885
0.708064023786986,2.425408587773163,0,0.886
0.7082706901319381,2.427835209469566,0,0.887
0.708477270409738,2.4302642590013805,0,0.888
0.7086837645709135,2.4326957387976567,0,0.889
0.7088901725661199,2.4351296512898744,0,0.89
0.7090964943461395,2.4375659989119467,0,0.891
0.709302729861882,2.4400047841002204,0,0.892
0.7095088790643844,2.442446009293482,0,0.893
0.709714941904811,2.444889676932956,0,0.894
0.7099209183344533,2.4473357894623113,0,0.895
0.7101268083047296,2.4497843493276594,0,0.896
0.7103326117671864,2.4522353589775614,0,0.897
0.7105383286734963,2.454688820863026,0,0.898
0.7107439589754597,2.457144737437517,0,0.899
0.7109495026250039,2.45960311115695,0,0.9
0.7111549595741835,2.4620639444796986,0,0.901
0.7113603297751802,2.464527239866597,0,0.902
0.7115656131803023,2.4669929997809406,0,0.903
0.7117708097419858,2.46946122668849,0,0.904
0.7119759194127935,2.4719319230574714,0,0.905
0.7121809421454152,2.4744050913585824,0,0.906
0.7123858778926675,2.4768807340649905,0,0.907
0.7125907266074945,2.479358853652339,0,0.908
0.7127954882429665,2.481839452598748,0,0.909
0.7130001627522816,2.4843225333848165,0,0.91
0.7132047500887643,2.486808098493625,0,0.911
0.7134092502058658,2.4892961504107403,0,0.912
0.7136136630571646,2.4917866916242124,0,0.913
0.7138179885963659,2.494279724624584,0,0.914
0.7140222267773016,2.4967752519048876,0,0.915
0.7142263775539306,2.499273275960652,0,0.916
0.7144304408803382,2.5017737992899005,0,0.917
0.7146344167107368,2.504276824393157,0,0.918
0.7148383049994654,2.5067823537734455,0,0.919
0.7150421057009897,2.5092903899362975,0,0.92
0.715245818769902,2.5118009353897484,0,0.921
0.7154494441609213,2.514313992644344,0,0.922
0.7156529818288933,2.5168295642131424,0,0.923
0.7158564317287898,2.5193476526117133,0,0.924
0.7160597938157098,2.521868260358148,0,0.925
0.7162630680448786,2.524391389973053,0,0.926
0.7164662543716478,2.526917043979558,0,0.927
0.7166693527514957,2.5294452249033177,0,0.928
0.7168723631400269,2.531975935272513,0,0.929
0.7170752854929725,2.534509177617855,0,0.93
0.71727811976619,2.5370449544725853,0,0.931
0.7174808659156633,2.5395832683724815,0,0.932
0.7176835238975023,2.5421241218558577,0,0.933
0.7178860936679435,2.5446675174635676,0,0.934
0.7180885751833498,2.5472134577390073,0,0.935
0.7182909684002099,2.5497619452281173,0,0.936
0.718493273275139,2.5523129824793847,0,0.937
0.7186954897648784,2.554866572043847,0,0.9380000000000001
0.7188976178262955,2.5574227164750942,0,0.9390000000000001
0.7190996574163839,2.5599814183292713,0,0.9400000000000001
0.7193016084922631,2.5625426801650804,0,0.9410000000000001
0.7195034710111788,2.565106504543783,0,0.9420000000000001
0.7197052449305028,2.567672894029203,0,0.9430000000000001
0.7199069302077324,2.5702418511877316,0,0.9440000000000001
0.7201085268004915,2.572813378588326,0,0.9450000000000001
0.7203100346665293,2.5753874788025137,0,0.9460000000000001
0.7205114537637213,2.577964154404394,0,0.9470000000000001
0.7207127840500688,2.580543407970643,0,0.9480000000000001
0.7209140254836984,2.5831252420805164,0,0.9490000000000001
0.7211151780228631,2.5857096593158464,0,0.9500000000000001
0.7213162416259414,2.5882966622610515,0,0.9510000000000001
0.7215172162514373,2.590886253503134,0,0.9520000000000001
0.7217181018579806,2.5934784356316865,0,0.9530000000000001
0.7219188984043269,2.59607321123889,0,0.9540000000000001
0.7221196058493572,2.598670582919522,0,0.9550000000000001
0.7223202241520781,2.601270553270953,0,0.9560000000000001
0.7225207532716214,2.6038731248931537,0,0.9570000000000001
0.722721193167245,2.6064783003886967,0,0.9580000000000001
0.7229215437983317,2.609086082362757,0,0.9590000000000001
0.7231218051243898,2.611696473423118,0,0.96
0.7233219771050532,2.614309476180169,0,0.961
0.7235220597000809,2.616925093246914,0,0.962
0.7237220528693571,2.6195433272389717,0,0.963
0.7239219565728914,2.6221641807745732,0,0.964
0.7241217707708186,2.624787656474575,0,0.965
0.7243214954233986,2.627413756962452,0,0.966
0.7245211304910165,2.6300424848643047,0,0.967
0.7247206759341822,2.6326738428088614,0,0.968
0.7249201317135311,2.6353078334274804,0,0.969
0.7251194977898231,2.6379444593541526,0,0.97
0.7253187741239433,2.640583723225503,0,0.971
0.7255179606769018,2.643225627680798,0,0.972
0.7257170574098334,2.6458701753619405,0,0.973
0.7259160642839976,2.648517368913479,0,0.974
0.7261149812607791,2.6511672109826065,0,0.975
0.726313808301687,2.653819704219166,0,0.976
0.7265125453683551,2.6564748512756515,0,0.977
0.7267111924225421,2.659132654807209,0,0.978
0.7269097494261311,2.661793117471644,0,0.979
0.7271082163411295,2.664456241929417,0,0.98
0.7273065931296698,2.667122030843654,0,0.981
0.7275048797540088,2.669790486880145,0,0.982
0.7277030761765272,2.672461612707345,0,0.983
0.7279011823597308,2.67513541099638,0,0.984
0.7280991982662492,2.6778118844210494,0,0.985
0.7282971238588368,2.6804910356578264,0,0.986
0.7284949591003717,2.6831728673858626,0,0.987
0.7286927039538564,2.685857382286989,0,0.988
0.7288903583824178,2.688544583045722,0,0.989
0.7290879223493065,2.691234472349262,0,0.99
0.7292853958178974,2.693927052887499,0,0.991
0.7294827787516894,2.6966223273530128,0,0.992
0.7296800711143051,2.699320298441079,0,0.993
0.7298772728694914,2.702020968849668,0,0.994
0.7300743839811188,2.7047243412794524,0,0.995
0.7302714044131816,2.7074304184338027,0,0.996
0.7304683341297978,2.7101392030187963,0,0.997
0.7306651730952096,2.7128506977432196,0,0.998
0.7308619212737822,2.7155649053185664,0,0.999
-0.5,1.0,1,0.0
-0.49975000002083336,1.0010005001667084,1,0.001
-0.4995000001666666,1.0020020013340003,1,0.002
-0.49925000056249946,1.003004504503377,1,0.003
-0.4990000013333312,1.004008010677342,1,0.004
-0.49875000260416014,1.005012520859401,1,0.005
-0.4985000044999838,1.006018036054065,1,0.006
-0.49825000714579837,1.0070245572668486,1,0.007
-0.4980000106665984,1.0080320855042735,1,0.008
-0.49775001518737694,1.0090406217738679,1,0.009000000000000001
-0.49750002083312506,1.010050167084168,1,0.01
-0.4972500277288312,1.0110607224447197,1,0.011
-0.4970000359994816,1.0120722888660778,1,0.012
-0.4967500457700599,1.0130848673598092,1,0.013000000000000001
-0.49650005716554624,1.0140984589384923,1,0.014
-0.49625007031091806,1.015113064615719,1,0.015
-0.4960000853311488,1.016128685406095,1,0.016
-0.49575010235120875,1.0171453223252407,1,0.017
-0.4955001214960636,1.0181629763897937,1,0.018000000000000002
-0.4952501428906749,1.0191816486174081,1,0.019
-0.49500016666000024,1.020201340026756,1,0.02
-0.4947501929289918,1.0212220516375288,1,0.021
-0.4945002218225971,1.0222437844704382,1,0.022
-0.49425025346575835,1.0232665395472176,1,0.023
-0.4940002879834121,1.0242903178906215,1,0.024
-0.4937503255004896,1.0253151205244289,1,0.025
-0.4935003661419155,1.026340948473442,1,0.026000000000000002
-0.4932504100326086,1.0273678027634894,1,0.027
-0.4930004572974812,1.028395684421425,1,0.028
-0.4927505080614387,1.0294245944751308,1,0.029
-0.4925005624493797,1.0304545339535167,1,0.03
-0.49225062058619506,1.0314855038865227,1,0.031
-0.4920006825967689,1.0325175053051185,1,0.032
-0.4917507486059769,1.0335505392413056,1,0.033
-0.49150081873868723,1.034584606728118,1,0.034
-0.49125089311975967,1.0356197087996233,1,0.035
-0.49100097187404534,1.0366558464909237,1,0.036000000000000004
-0.4907510551263867,1.0376930208381572,1,0.037
-0.4905011430016175,1.0387312328784977,1,0.038
-0.49025123562456185,1.0397704836501578,1,0.039
-0.49000133312003447,1.0408107741923882,1,0.04
-0.4897514356128406,1.0418521055454797,1,0.041
-0.48950154322777517,1.0428944787507632,1,0.042
-0.48925165608962307,1.0439378948506126,1,0.043000000000000003
-0.4890017743231585,1.0449823548884438,1,0.044
-0.48875189805314523,1.046027859908717,1,0.045
-0.4885020274043357,1.0470744109569372,1,0.046
-0.4882521625014714,1.0481220090796557,1,0.047
-0.4880023034692821,1.0491706553244706,1,0.048
-0.48775245043248616,1.050220350740028,1,0.049
-0.48750260351578967,1.051271096376024,1,0.05
-0.4872527628438865,1.0523228932832038,1,0.051000000000000004
-0.4870029285414582,1.0533757425133647,1,0.052000000000000005
-0.48675310073317357,1.054429645119356,1,0.053
-0.48650327954368844,1.05548460215508,1,0.054
-0.486253465097645,1.0565406146754943,1,0.055
-0.4860036575196728,1.0575976837366112,1,0.056
-0.4857538569343869,1.0586558103955002,1,0.057
-0.48550406346638875,1.0597149957102876,1,0.058
-0.4852542772402655,1.0607752407401592,1,0.059000000000000004
-0.48500449838059,1.0618365465453596,1,0.06
-0.48475472701192,1.0628989141871954,1,0.061
-0.48450496325879866,1.0639623447280337,1,0.062
-0.484255207245754,1.0650268392313054,1,0.063
-0.484005459097298,1.0660923987615052,1,0.064
-0.48375571893792757,1.0671590243841926,1,0.065
-0.4835059868921233,1.0682267171659932,1,0.066
-0.48325626308434977,1.0692954781746002,1,0.067
-0.48300654763905504,1.0703653084787743,1,0.068
-0.4827568406806704,1.0714362091483463,1,0.069
-0.48250714233361025,1.0725081812542165,1,0.07
-0.48225745272227194,1.0735812258683575,1,0.07100000000000001
-0.48200777197103506,1.0746553440638136,1,0.07200000000000001
-0.4817581002042619,1.0757305369147034,1,0.073
-0.48150843754629646,1.0768068054962199,1,0.074
-0.48125878412146483,1.0778841508846317,1,0.075
-0.48100914005407436,1.078962574157284,1,0.076
-0.4807595054684143,1.0800420763926004,1,0.077
-0.4805098804887542,1.081122658670083,1,0.078
-0.48026026523934506,1.0822043220703148,1,0.079
-0.48001065984441815,1.0832870676749586,1,0.08
-0.47976106442818534,1.0843708965667604,1,0.081
-0.47951147911483827,1.085455809829549,1,0.082
-0.4792619040285486,1.0865418085482381,1,0.083
-0.47901233929346765,1.087628893808826,1,0.084
-0.47876278503372593,1.0887170666983987,1,0.085
-0.4785132413734331,1.0898063283051287,1,0.08600000000000001
-0.47826370843667776,1.0908966797182778,1,0.08700000000000001
-0.4780141863475271,1.0919881220281975,1,0.088
-0.47776467523002664,1.09308065632633,1,0.089
-0.47751517520819986,1.0941742837052104,1,0.09
-0.4772656864060485,1.0952690052584655,1,0.091
-0.4770162089475517,1.096364822080817,1,0.092
-0.4767667429566659,1.097461735268082,1,0.093
-0.4765172885573248,1.0985597459171736,1,0.094
-0.47626784587343896,1.099658855126103,1,0.095
-0.47601841502889564,1.1007590639939788,1,0.096
-0.4757689961475583,1.1018603736210106,1,0.097
-0.4755195893532669,1.1029627851085078,1,0.098
-0.475270194769837,1.104066299558882,1,0.099
-0.47502081252106,1.1051709180756477,1,0.1
-0.4747714427307027,1.1062766417634236,1,0.101
-0.47452208552250696,1.1073834717279334,1,0.10200000000000001
-0.4742727410201897,1.1084914090760072,1,0.10300000000000001
-0.47402340934744247,1.1096004549155825,1,0.10400000000000001
-0.4737740906279313,1.1107106103557052,1,0.105
-0.47352478498529627,1.1118218765065309,1,0.106
-0.4732754925431517,1.1129342544793255,1,0.107
-0.47302621342508544,1.1140477453864677,1,0.108
-0.4727769477546587,1.1151623503414478,1,0.109
-0.4725276956554063,1.1162780704588715,1,0.11
-0.4722784572508355,1.1173949068544582,1,0.111
-0.47202923266442653,1.1185128606450452,1,0.112
-0.47178002201963243,1.119631932948586,1,0.113
-0.471530825439878,1.1207521248841532,1,0.114
-0.47128164304856035,1.1218734375719384,1,0.115
-0.4710324749690482,1.1229958721332547,1,0.116
-0.4707833213246818,1.1241194296905368,1,0.117
-0.47053418223877297,1.1252441113673424,1,0.11800000000000001
-0.47028505783460395,1.1263699182883529,1,0.11900000000000001
-0.47003594823542827,1.1274968515793757,1,0.12
-0.4697868535644699,1.128624912367344,1,0.121
-0.46953777394492313,1.1297541017803185,1,0.122
-0.46928870949995216,1.1308844209474893,1,0.123
-0.46903966035269107,1.1320158709991752,1,0.124
-0.4687906266262437,1.133148453066826,1,0.125
-0.4685416084436831,1.1342821682830249,1,0.126
-0.4682926059280512,1.1354170177814864,1,0.127
-0.46804361920235926,1.1365530026970603,1,0.128
-0.4677946483895866,1.1376901241657316,1,0.129
-0.4675456936126813,1.1388283833246218,1,0.13
-0.46729675499455947,1.1399677813119904,1,0.131
-0.467047832658105,1.141108319267235,1,0.132
-0.4667989267261695,1.1422499983308942,1,0.133
-0.4665500373215722,1.143392819644647,1,0.134
-0.46630116456709914,1.1445367843513146,1,0.135
-0.4660523085855035,1.1456818935948618,1,0.136
-0.4658034694995049,1.1468281485203982,1,0.137
-0.46555464743178987,1.1479755502741786,1,0.138
-0.4653058425050106,1.149124100003605,1,0.139
-0.4650570548417855,1.1502737988572271,1,0.14
-0.4648082845646989,1.1514246479847443,1,0.14100000000000001
-0.46455953179630016,1.152576648537005,1,0.14200000000000002
-0.46431079665910435,1.1537298016660102,1,0.14300000000000002
-0.4640620792755912,1.1548841085249137,1,0.14400000000000002
-0.46381337976820525,1.1560395702680215,1,0.145
-0.46356469825935587,1.1571961880507962,1,0.146
-0.46331603487141637,1.1583539630298552,1,0.147
-0.4630673897267241,1.1595128963629737,1,0.148
-0.4628187629475805,1.1606729892090857,1,0.149
-0.4625701546562504,1.161834242728283,1,0.15
-0.462321564974962,1.16299665808182,1,0.151
-0.4620729940259066,1.1641602364321124,1,0.152
-0.46182444193123817,1.165324978942738,1,0.153
-0.46157590881307364,1.1664908867784394,1,0.154
-0.46132739479349205,1.167657961105125,1,0.155
-0.46107889999453466,1.168826203089869,1,0.156
-0.46083042453820466,1.1699956139009136,1,0.157
-0.46058196854646694,1.1711661947076695,1,0.158
-0.4603335321412476,1.1723379466807176,1,0.159
-0.4600851154444343,1.1735108709918103,1,0.16
-0.45983671857787545,1.1746849688138716,1,0.161
-0.4595883416633799,1.1758602413209998,1,0.162
-0.45933998482271776,1.1770366896884672,1,0.163
-0.4590916481776184,1.1782143150927222,1,0.164
-0.458843331849772,1.1793931187113904,1,0.165
-0.45859503596082796,1.1805731017232761,1,0.166
-0.45834676063239577,1.1817542653083617,1,0.167
-0.4580985059860436,1.1829366106478107,1,0.168
-0.4578502721432992,1.1841201389239693,1,0.169
-0.457602059225649,1.1853048513203654,1,0.17
-0.45735386735453776,1.1864907490217118,1,0.171
-0.457105696651369,1.1876778332139057,1,0.17200000000000001
-0.45685754723750416,1.1888661050840321,1,0.17300000000000001
-0.45660941923426257,1.1900555658203626,1,0.17400000000000002
-0.45636131276292113,1.191246216612358,1,0.17500000000000002
-0.45611322794471443,1.1924380586506693,1,0.176
-0.45586516490083406,1.1936310931271388,1,0.177
-0.4556171237524286,1.1948253212348008,1,0.178
-0.4553691046206032,1.1960207441678836,1,0.179
-0.4551211076264199,1.1972173631218102,1,0.18
-0.4548731328908967,1.1984151792931996,1,0.181
-0.45462518053500744,1.1996141938798683,1,0.182
-0.45437725067968215,1.2008144080808307,1,0.183
-0.45412934344580624,1.2020158230963014,1,0.184
-0.4538814589542204,1.2032184401276953,1,0.185
-0.4536335973257204,1.2044222603776296,1,0.186
-0.4533857586810569,1.2056272850499248,1,0.187
-0.45313794314093536,1.2068335153496053,1,0.188
-0.45289015082601536,1.2080409524829017,1,0.189
-0.45264238185691064,1.2092495976572515,1,0.19
-0.4523946363541893,1.2104594520812995,1,0.191
-0.4521469144383725,1.2116705169649005,1,0.192
-0.45189921622993534,1.2128827935191195,1,0.193
-0.451651541849306,1.214096282956233,1,0.194
-0.45140389141686565,1.2153109864897307,1,0.195
-0.45115626505294826,1.2165269053343162,1,0.196
-0.45090866287784037,1.2177440407059084,1,0.197
-0.4506610850117808,1.2189623938216427,1,0.198
-0.45041353157496045,1.2201819658998725,1,0.199
-0.45016600268752205,1.2214027581601699,1,0.2
-0.4499184984695601,1.2226247718233272,1,0.201
-0.4496710190411203,1.2238480081113583,1,0.202
-0.44942356452219956,1.2250724682474994,1,0.203
-0.449176135032746,1.2262981534562105,1,0.20400000000000001
-0.44892873069265804,1.2275250649631777,1,0.20500000000000002
-0.4486813516217848,1.228753203995312,1,0.20600000000000002
-0.44843399793992555,1.2299825717807527,1,0.20700000000000002
-0.44818666976682986,1.2312131695488675,1,0.20800000000000002
-0.4479393672221966,1.2324449985302548,1,0.209
-0.4476920904256747,1.2336780599567432,1,0.21
-0.4474448394968622,1.2349123550613943,1,0.211
-0.4471976145553064,1.2361478850785033,1,0.212
-0.446950415720503,1.2373846512436006,1,0.213
-0.44670324311189713,1.2386226547934522,1,0.214
-0.44645609684888166,1.239861896966062,1,0.215
-0.4462089770507982,1.2411023790006719,1,0.216
-0.445961883836936,1.242344102137764,1,0.217
-0.44571481732653206,1.243587067619062,1,0.218
-0.4454677776387712,1.2448312766875311,1,0.219
-0.44522076489278517,1.2460767305873808,1,0.22
-0.44497377920765313,1.2473234305640648,1,0.221
-0.444726820702401,1.2485713778642835,1,0.222
-0.44447988949600103,1.249820573735984,1,0.223
-0.44423298570737235,1.2510710194283623,1,0.224
-0.4439861094553801,1.2523227161918642,1,0.225
-0.44373926085883497,1.253575665278187,1,0.226
-0.443492440036494,1.2548298679402794,1,0.227
-0.4432456471070594,1.256085325432344,1,0.228
-0.4429988821891786,1.2573420390098389,1,0.229
-0.4427521454014445,1.2586000099294778,1,0.23
-0.4425054368623942,1.2598592394492314,1,0.231
-0.44225875669050996,1.2611197288283293,1,0.232
-0.4420121050042183,1.2623814793272614,1,0.233
-0.4417654819218896,1.2636444922077779,1,0.234
-0.44151888756183866,1.2649087687328917,1,0.23500000000000001
-0.4412723220423237,1.2661743101668799,1,0.23600000000000002
-0.44102578548154636,1.2674411177752838,1,0.23700000000000002
-0.44077927799765193,1.2687091928249108,1,0.23800000000000002
-0.4405327997087285,1.2699785365838365,1,0.23900000000000002
-0.4402863507328071,1.2712491503214045,1,0.24
-0.4400399311878611,1.272521035308229,1,0.241
-0.4397935411918067,1.2737941928161949,1,0.242
-0.4395471808625019,1.2750686241184594,1,0.243
-0.439300850317747,1.2763443304894546,1,0.244
-0.4390545496752838,1.2776213132048868,1,0.245
-0.4388082790527956,1.2788995735417383,1,0.246
-0.4385620385679072,1.2801791127782698,1,0.247
-0.43831582833818417,1.2814599321940212,1,0.248
-0.4380696484811334,1.2827420330698112,1,0.249
-0.43782349911420193,1.2840254166877414,1,0.25
-0.43757738035477745,1.2853100843311953,1,0.251
-0.43733129232018786,1.2865960372848406,1,0.252
-0.43708523512770125,1.2878832768346304,1,0.253
-0.436839208894525,1.2891718042678042,1,0.254
-0.43659321373780635,1.2904616208728898,1,0.255
-0.4363472497746319,1.2917527279397039,1,0.256
-0.43610131712202715,1.2930451267593537,1,0.257
-0.435855415896957,1.2943388186242377,1,0.258
-0.4356095462163243,1.2956338048280482,1,0.259
-0.4353637081969708,1.2969300866657718,1,0.26
-0.4351179019556767,1.29822766543369,1,0.261
-0.43487212760915983,1.2995265424293816,1,0.262
-0.43462638527407593,1.3008267189517244,1,0.263
-0.4343806750670185,1.3021281963008942,1,0.264
-0.4341349971045183,1.3034309757783689,1,0.265
-0.43388935150304353,1.3047350586869277,1,0.266
-0.43364373837899883,1.3060404463306545,1,0.267
-0.43339815784872615,1.307347140014936,1,0.268
-0.43315261002850347,1.3086551410464666,1,0.269
-0.4329070950345457,1.3099644507332473,1,0.27
-0.4326616129830032,1.3112750703845881,1,0.271
-0.43241616398996263,1.3125870013111083,1,0.272
-0.4321707481714462,1.3139002448247392,1,0.273
-0.43192536564341155,1.3152148022387244,1,0.274
-0.4316800165217519,1.3165306748676218,1,0.275
-0.4314347009222951,1.3178478640273033,1,0.276
-0.43118941896080387,1.3191663710349588,1,0.277
-0.43094417075297586,1.3204861972090955,1,0.278
-0.4306989564144428,1.3218073438695392,1,0.279
-0.43045377606077095,1.3231298123374369,1,0.28
-0.4302086298074602,1.3244536039352575,1,0.281
-0.42996351776994457,1.325778719986792,1,0.28200000000000003
-0.4297184400635913,1.3271051618171572,1,0.28300000000000003
-0.4294733968037012,1.3284329307527947,1,0.28400000000000003
-0.42922838810550823,1.3297620281214737,1,0.28500000000000003
-0.4289834140841793,1.3310924552522916,1,0.28600000000000003
-0.42873847485481387,1.3324242134756759,1,0.28700000000000003
-0.4284935705324441,1.3337573041233848,1,0.28800000000000003
-0.4282487012320344,1.3350917285285084,1,0.289
-0.42800386706848137,1.3364274880254718,1,0.29
-0.42775906815661335,1.3377645839500352,1,0.291
-0.42751430461119055,1.3391030176392937,1,0.292
-0.42726957654690445,1.3404427904316814,1,0.293
-0.427024884078378,1.3417839036669712,1,0.294
-0.4267802273201652,1.3431263586862767,1,0.295
-0.4265356063867506,1.3444701568320527,1,0.296
-0.42629102139254993,1.3458152994480976,1,0.297
-0.42604647245190896,1.347161787879554,1,0.298
-0.42580195967910395,1.3485096234729106,1,0.299
-0.42555748318834097,1.349858807576003,1,0.3
-0.42531304309375617,1.3512093415380155,1,0.301
-0.425068639509415,1.3525612267094822,1,0.302
-0.42482427254931265,1.3539144644422882,1,0.303
-0.4245799423273734,1.3552690560896716,1,0.304
-0.4243356489574506,1.3566250030062241,1,0.305
-0.4240913925533263,1.3579823065478922,1,0.306
-0.42384717322871124,1.3593409680719806,1,0.307
-0.42360299109724453,1.3607009889371502,1,0.308
-0.42335884627249365,1.362062370503422,1,0.309
-0.4231147388679537,1.3634251141321778,1,0.31
-0.42287066899704795,1.3647892211861614,1,0.311
-0.42262663677312706,1.36615469302948,1,0.312
-0.4223826423094693,1.3675215310276052,1,0.313
-0.4221386857192798,1.3688897365473756,1,0.314
-0.42189476711569085,1.3702593109569967,1,0.315
-0.42165088661176175,1.3716302556260427,1,0.316
-0.42140704432047793,1.3730025719254586,1,0.317
-0.4211632403547517,1.3743762612275612,1,0.318
-0.4209194748274212,1.3757513249060394,1,0.319
-0.4206757478512505,1.3771277643359572,1,0.32
-0.42043205953893004,1.3785055808937539,1,0.321
-0.42018841000307516,1.3798847759572466,1,0.322
-0.41994479935622686,1.38126535090563,1,0.323
-0.4197012277108516,1.3826473071194794,1,0.324
-0.4194576951793404,1.3840306459807514,1,0.325
-0.4192142018740094,1.3854153688727846,1,0.326
-0.4189707479070991,1.3868014771803021,1,0.327
-0.4187273333907745,1.3881889722894123,1,0.328
-0.41848395843712505,1.3895778555876106,1,0.329
-0.4182406231581637,1.39096812846378,1,0.33
-0.41799732766582776,1.3923597923081943,1,0.331
-0.4177540720719778,1.3937528485125166,1,0.332
-0.4175108564883979,1.3951472984698035,1,0.333
-0.41726768102679523,1.3965431435745055,1,0.334
-0.41702454579880044,1.397940385222467,1,0.335
-0.41678145091596663,1.3993390248109305,1,0.336
-0.41653839648976954,1.4007390637385353,1,0.337
-0.4162953826316075,1.4021405034053207,1,0.338
-0.41605240945280086,1.4035433452127262,1,0.339
-0.4158094770645927,1.4049475905635938,1,0.34
-0.41556658557814696,1.4063532408621693,1,0.341
-0.41532373510455023,1.4077602975141026,1,0.342
-0.4150809257548097,1.4091687619264508,1,0.343
-0.41483815763985465,1.4105786355076786,1,0.34400000000000003
-0.41459543087053496,1.411989919667659,1,0.34500000000000003
-0.41435274555762147,1.413402615817677,1,0.34600000000000003
-0.41411010181180596,1.4148167253704287,1,0.34700000000000003
-0.4138674997437005,1.4162322497400235,1,0.34800000000000003
-0.4136249394638376,1.417649190341986,1,0.34900000000000003
-0.41338242108266987,1.4190675485932571,1,0.35000000000000003
-0.41313994471057014,1.420487325912195,1,0.35100000000000003
-0.4128975104578304,1.4219085237185776,1,0.352
-0.41265511843466285,1.4233311434336018,1,0.353
-0.4124127687511988,1.4247551864798884,1,0.354
-0.4121704615174885,1.42618065428148,1,0.355
-0.4119281968435019,1.4276075482638448,1,0.356
-0.41168597483912694,1.429035869853877,1,0.357
-0.4114437956141709,1.430465620479898,1,0.358
-0.41120165927835894,1.4318968015716587,1,0.359
-0.41095956594133487,1.4333294145603404,1,0.36
-0.4107175157126606,1.4347634608785558,1,0.361
-0.4104755087018154,1.4361989419603518,1,0.362
-0.410233545018197,1.4376358592412095,1,0.363
-0.40999162477111994,1.4390742141580464,1,0.364
-0.40974974806981657,1.440514008149217,1,0.365
-0.4095079150234362,1.441955242654516,1,0.366
-0.40926612574104493,1.4433979191151778,1,0.367
-0.409024380331626,1.444842038973879,1,0.368
-0.40878267890407904,1.4462876036747396,1,0.369
-0.40854102156721994,1.4477346146633243,1,0.37
-0.40829940842978096,1.4491830733866444,1,0.371
-0.40805783960041064,1.4506329812931589,1,0.372
-0.40781631518767303,1.4520843398327752,1,0.373
-0.4075748353000477,1.4535371504568524,1,0.374
-0.4073334000459303,1.4549914146182013,1,0.375
-0.4070920095336312,1.456447133771086,1,0.376
-0.40685066387137636,1.4579043093712258,1,0.377
-0.40660936316730634,1.4593629428757966,1,0.378
-0.4063681075294766,1.4608230357434318,1,0.379
-0.40612689706585725,1.4622845894342247,1,0.38
-0.40588573188433275,1.4637476054097287,1,0.381
-0.40564461209270175,1.46521208513296,1,0.382
-0.4054035377986769,1.4666780300683986,1,0.383
-0.40516250910988494,1.4681454416819895,1,0.384
-0.404921526133866,1.4696143214411441,1,0.385
-0.4046805889780738,1.4710846708147431,1,0.386
-0.40443969774987576,1.4725564912731355,1,0.387
-0.40419885255655175,1.4740297842881416,1,0.388
-0.40395805350529523,1.475504551333055,1,0.389
-0.4037173007032121,1.4769807938826427,1,0.39
-0.4034765942573212,1.4784585134131472,1,0.391
-0.4032359342745535,1.4799377114022885,1,0.392
-0.4029953208617525,1.4814183893292643,1,0.393
-0.4027547541256735,1.482900548674753,1,0.394
-0.40251423417298393,1.484384190920914,1,0.395
-0.4022737611102629,1.4858693175513895,1,0.396
-0.4020333350440012,1.4873559300513066,1,0.397
-0.4017929560806007,1.4888440299072776,1,0.398
-0.40155262432637484,1.4903336186074025,1,0.399
-0.401312339887548,1.4918246976412703,1,0.4
-0.4010721028702553,1.49331726849996,1,0.401
-0.4008319133805428,1.4948113326760428,1,0.402
-0.40059177152436676,1.4963068916635827,1,0.403
-0.40035167740759403,1.4978039469581388,1,0.404
-0.4001116311360017,1.499302500056767,1,0.405
-0.3998716328152767,1.50080255245802,1,0.406
-0.3996316825510158,1.5023041056619504,1,0.40700000000000003
-0.3993917804487256,1.5038071611701118,1,0.40800000000000003
-0.3991519266138218,1.50531172048556,1,0.40900000000000003
-0.3989121211516302,1.5068177851128535,1,0.41000000000000003
-0.39867236416738494,1.508325356558058,1,0.41100000000000003
-0.39843265576622977,1.5098344363287446,1,0.41200000000000003
-0.3981929960532167,1.5113450259339938,1,0.41300000000000003
-0.3979533851333067,1.5128571268843947,1,0.41400000000000003
-0.3977138231113694,1.5143707406920484,1,0.41500000000000004
-0.39747431009218226,1.515885868870569,1,0.41600000000000004
-0.3972348461804315,1.5174025129350845,1,0.417
-0.3969954314807107,1.5189206744022399,1,0.418
-0.3967560660975217,1.5204403547901961,1,0.419
-0.39651675013527377,1.5219615556186337,1,0.42
-0.39627748369828364,1.523484278408754,1,0.421
-0.3960382668907755,1.5250085246832792,1,0.422
-0.3957990998168808,1.5265342959664565,1,0.423
-0.3955599825806374,1.5280615937840571,1,0.424
-0.39532091528599067,1.5295904196633785,1,0.425
-0.39508189803679217,1.5311207751332474,1,0.426
-0.39484293093680023,1.5326526617240186,1,0.427
-0.39460401408967927,1.5341860809675796,1,0.428
-0.3943651475990001,1.5357210343973493,1,0.429
-0.3941263315682394,1.5372575235482813,1,0.43
-0.3938875661007797,1.5387955499568648,1,0.431
-0.3936488512999091,1.5403351151611269,1,0.432
-0.3934101872688215,1.5418762207006325,1,0.433
-0.39317157411061576,1.543418868116487,1,0.434
-0.39293301192829644,1.5449630589513381,1,0.435
-0.39269450082477264,1.5465087947493774,1,0.436
-0.39245604090285835,1.5480560770563399,1,0.437
-0.39221763226527295,1.5496049074195088,1,0.438
-0.39197927501463936,1.5511552873877141,1,0.439
-0.39174096925348567,1.552707218511336,1,0.44
-0.3915027150842437,1.5542607023423058,1,0.441
-0.39126451260924977,1.5558157404341075,1,0.442
-0.3910263619307438,1.5573723343417794,1,0.443
-0.3907882631508698,1.5589304856219155,1,0.444
-0.39055021637167486,1.5604901958326667,1,0.445
-0.3903122216951098,1.5620514665337442,1,0.446
-0.39007427922302895,1.5636142992864182,1,0.447
-0.3898363890571894,1.5651786956535214,1,0.448
-0.38959855129925147,1.5667446571994514,1,0.449
-0.38936076605077796,1.5683121854901687,1,0.45
-0.38912303341323484,1.5698812820932024,1,0.451
-0.38888535348799014,1.5714519485776488,1,0.452
-0.3886477263763143,1.5730241865141752,1,0.453
-0.38841015217938035,1.5745979974750188,1,0.454
-0.38817263099826294,1.576173383033991,1,0.455
-0.3879351629339386,1.5777503447664778,1,0.456
-0.38769774808728596,1.5793288842494408,1,0.457
-0.3874603865590849,1.5809090030614197,1,0.458
-0.3872230784500169,1.5824907027825335,1,0.459
-0.3869858238606645,1.5840739849944818,1,0.46
-0.3867486228915118,1.585658851280547,1,0.461
-0.3865114756429435,1.587245303225596,1,0.462
-0.38627438221524535,1.58883334241608,1,0.463
-0.38603734270860346,1.590422970440039,1,0.464
-0.3858003572231049,1.5920141888871013,1,0.465
-0.3855634258587367,1.5936069993484847,1,0.466
-0.3853265487153864,1.5952014034170003,1,0.467
-0.3850897258928415,1.5967974026870528,1,0.468
-0.3848529574907896,1.5983949987546406,1,0.46900000000000003
-0.38461624360881785,1.5999941932173602,1,0.47000000000000003
-0.38437958434641306,1.6015949876744067,1,0.47100000000000003
-0.38414297980296164,1.603197383726574,1,0.47200000000000003
-0.38390643007774927,1.6048013829762589,1,0.47300000000000003
-0.3836699352699612,1.6064069870274602,1,0.47400000000000003
-0.38343349547868066,1.6080141974857827,1,0.47500000000000003
-0.3831971108028911,1.609623015958437,1,0.47600000000000003
-0.38296078134147393,1.6112334440542406,1,0.47700000000000004
-0.3827245071932093,1.6128454833836232,1,0.47800000000000004
-0.38248828845677607,1.614459135558623,1,0.47900000000000004
-0.382252125230751,1.6160744021928934,1,0.48
-0.3820160176136095,1.6176912849017004,1,0.481
-0.38177996570372463,1.6193097853019272,1,0.482
-0.3815439695993674,1.620929905012074,1,0.483
-0.381308029398707,1.6225516456522613,1,0.484
-0.3810721451998097,1.6241750088442295,1,0.485
-0.38083631710063937,1.6257999962113416,1,0.486
-0.3806005451990573,1.6274266093785854,1,0.487
-0.3803648295928219,1.629054849972574,1,0.488
-0.3801291703795886,1.6306847196215486,1,0.489
-0.37989356765690985,1.632316219955379,1,0.49
-0.3796580215222347,1.633949352605565,1,0.491
-0.3794225320729091,1.6355841192052398,1,0.492
-0.379187099406175,1.6372205213891702,1,0.493
-0.37895172361917107,1.6388585607937585,1,0.494
-0.3787164048089322,1.640498239057044,1,0.495
-0.378481143072389,1.6421395578187055,1,0.496
-0.37824593850636834,1.6437825187200612,1,0.497
-0.37801079120759284,1.645427123404073,1,0.498
-0.3777757012726807,1.647073373515345,1,0.499
-0.3775406687981454,1.6487212707001282,1,0.5
-0.37730569388039636,1.6503708166063191,1,0.501
-0.37707077661573785,1.6520220128834642,1,0.502
-0.3768359171003691,1.65367486118276,1,0.503
-0.37660111543038466,1.655329363157055,1,0.504
-0.376366371701774,1.6569855204608508,1,0.505
-0.3761316860104209,1.6586433347503051,1,0.506
-0.37589705845210375,1.6603028076832325,1,0.507
-0.375662489122496,1.6619639409191058,1,0.508
-0.37542797811716444,1.6636267361190586,1,0.509
-0.3751935255315708,1.6652911949458862,1,0.51
-0.3749591314610704,1.6669573190640476,1,0.511
-0.3747247960009128,1.6686251101396667,1,0.512
-0.3744905192462411,1.6702945698405351,1,0.513
-0.3742563012920921,1.671965699836113,1,0.514
-0.37402214223339625,1.6736385017975297,1,0.515
-0.3737880421649772,1.6753129773975874,1,0.516
-0.3735540011815519,1.6769891283107623,1,0.517
-0.3733200193777304,1.6786669562132055,1,0.518
-0.37308609684801597,1.6803464627827445,1,0.519
-0.3728522336868044,1.6820276496988862,1,0.52
-0.37261842998838457,1.683710518642818,1,0.521
-0.3723846858469375,1.685395071297409,1,0.522
-0.3721510013565372,1.6870813093472112,1,0.523
-0.37191737661115,1.6887692344784637,1,0.524
-0.3716838117046337,1.6904588483790912,1,0.525
-0.3714503067307394,1.6921501527387082,1,0.526
-0.3712168617831091,1.693843149248619,1,0.527
-0.37098347695527745,1.6955378396018197,1,0.528
-0.3707501523406702,1.6972342254930015,1,0.529
-0.3705168880326051,1.6989323086185508,1,0.53
-0.37028368412429136,1.7006320906765495,1,0.531
-0.37005054070882915,1.7023335733667815,1,0.532
-0.3698174578792105,1.7040367583907279,1,0.533
-0.369584435728318,1.7057416474515747,1,0.534
-0.36935147434892557,1.7074482422542112,1,0.535
-0.3691185738336977,1.7091565445052326,1,0.536
-0.3688857342751898,1.710866555912941,1,0.537
-0.3686529557658479,1.7125782781873475,1,0.538
-0.3684202383980084,1.7142917130401751,1,0.539
-0.36818758226389836,1.7160068621848585,1,0.54
-0.3679549874556347,1.7177237273365469,1,0.541
-0.36772245406522475,1.7194423102121061,1,0.542
-0.36748998218456586,1.7211626125301187,1,0.543
-0.36725757190544506,1.7228846360108874,1,0.544
-0.36702522331953935,1.7246083823764353,1,0.545
-0.36679293651841527,1.7263338533505097,1,0.546
-0.3665607115935291,1.728061050658581,1,0.547
-0.3663285486362262,1.7297899760278472,1,0.548
-0.36609644773774164,1.7315206311872335,1,0.549
-0.36586440898919925,1.7332530178673955,1,0.55
-0.36563243248161237,1.7349871378007193,1,0.551
-0.36540051830588316,1.7367229927213257,1,0.552
-0.3651686665528022,1.7384605843650698,1,0.553
-0.36493687731304936,1.7401999144695426,1,0.554
-0.364705150677193,1.7419409847740752,1,0.555
-0.3644734867356896,1.743683797019738,1,0.556
-0.3642418855788845,1.7454283529493428,1,0.557
-0.3640103472970111,1.7471746543074462,1,0.558
-0.363778871980191,1.7489227028403493,1,0.559
-0.3635474597184336,1.7506725002961012,1,0.56
-0.3633161106016367,1.752424048424499,1,0.561
-0.3630848247195856,1.7541773489770913,1,0.562
-0.36285360216195306,1.755932403707179,1,0.5630000000000001
-0.36262244301830027,1.7576892143698166,1,0.5640000000000001
-0.362391347378075,1.7594477827218153,1,0.5650000000000001
-0.36216031533061277,1.7612081105217432,1,0.5660000000000001
-0.36192934696513657,1.7629701995299278,1,0.5670000000000001
-0.3616984423707562,1.7647340515084597,1,0.5680000000000001
-0.36146760163646874,1.76649966822119,1,0.5690000000000001
-0.36123682485115816,1.768267051433735,1,0.5700000000000001
-0.3610061121035949,1.7700362029134795,1,0.5710000000000001
-0.3607754634824367,1.771807124429574,1,0.5720000000000001
-0.3605448790762278,1.773579817752941,1,0.5730000000000001
-0.36031435897339836,1.7753542846562735,1,0.5740000000000001
-0.3600839032622659,1.7771305269140383,1,0.5750000000000001
-0.3598535120310332,1.7789085463024783,1,0.5760000000000001
-0.35962318536779014,1.7806883445996124,1,0.577
-0.359392923360512,1.7824699235852401,1,0.578
-0.35916272609706057,1.78425328504094,1,0.579
-0.35893259366518293,1.7860384307500732,1,0.58
-0.35870252615251264,1.7878253624977862,1,0.581
-0.3584725236465681,1.7896140820710107,1,0.582
-0.35824258623475425,1.7914045912584664,1,0.583
-0.3580127140043605,1.7931968918506624,1,0.584
-0.3577829070425623,1.7949909856399,1,0.585
-0.35755316543642013,1.7967868744202729,1,0.586
-0.3573234892728795,1.7985845599876695,1,0.587
-0.35709387863877107,1.8003840441397758,1,0.588
-0.3568643336208105,1.802185328676077,1,0.589
-0.35663485430559827,1.8039884153978567,1,0.59
-0.35640544077961966,1.8057933061082025,1,0.591
-0.35617609312924436,1.8076000026120045,1,0.592
-0.35594681144072693,1.8094085067159598,1,0.593
-0.35571759580020623,1.8112188202285726,1,0.594
-0.35548844629370546,1.8130309449601565,1,0.595
-0.355259363007132,1.8148448827228365,1,0.596
-0.3550303460262775,1.8166606353305503,1,0.597
-0.35480139543681777,1.8184782045990513,1,0.598
-0.3545725113243122,1.820297592345908,1,0.599
-0.3543436937742046,1.8221188003905087,1,0.6
-0.354114942871822,1.823941830554062,1,0.601
-0.35388625870237544,1.8257666846595977,1,0.602
-0.35365764135095945,1.82759336453197,1,0.603
-0.3534290909025519,1.8294218719978592,1,0.604
-0.3532006074420143,1.8312522088857732,1,0.605
-0.3529721910540914,1.8330843770260485,1,0.606
-0.352743841823411,1.8349183782508534,1,0.607
-0.35251555983448424,1.8367542143941895,1,0.608
-0.3522873451717047,1.8385918872918936,1,0.609
-0.3520591979193497,1.8404313987816374,1,0.61
-0.35183111816157897,1.8422727507029337,1,0.611
-0.3516031059824348,1.844115944897134,1,0.612
-0.3513751614658427,1.8459609832074333,1,0.613
-0.35114728469560985,1.8478078674788696,1,0.614
-0.3509194757554267,1.849656599558327,1,0.615
-0.3506917347288657,1.8515071812945383,1,0.616
-0.3504640616993818,1.8533596145380853,1,0.617
-0.3502364567503121,1.8552139011414013,1,0.618
-0.3500089199648754,1.8570700429587725,1,0.619
-0.3497814514261729,1.858928041846342,1,0.62
-0.34955405121718797,1.8607878996621081,1,0.621
-0.3493267194207852,1.8626496182659291,1,0.622
-0.3490994561197114,1.8645131995195234,1,0.623
-0.3488722613965949,1.8663786452864726,1,0.624
-0.3486451353339458,1.8682459574322223,1,0.625
-0.34841807801415514,1.8701151378240857,1,0.626
-0.34819108951949607,1.8719861883312423,1,0.627
-0.34796416993212265,1.873859110824743,1,0.628
-0.34773731933407026,1.8757339071775114,1,0.629
-0.3475105378072556,1.8776105792643434,1,0.63
-0.347283825433476,1.8794891289619107,1,0.631
-0.3470571822944104,1.8813695581487635,1,0.632
-0.3468306084716182,1.8832518687053312,1,0.633
-0.34660410404653963,1.8851360625139248,1,0.634
-0.34637766910049606,1.8870221414587376,1,0.635
-0.34615130371468905,1.8889101074258496,1,0.636
-0.34592500797020087,1.8907999623032261,1,0.637
-0.34569878194799464,1.8926917079807226,1,0.638
-0.34547262572891346,1.894585346350085,1,0.639
-0.3452465393936808,1.8964808793049512,1,0.64
-0.34502052302290065,1.898378308740855,1,0.641
-0.34479457669705693,1.900277636555226,1,0.642
-0.344568700496514,1.9021788646473912,1,0.643
-0.3443428945015157,1.90408199491858,1,0.644
-0.3441171587921863,1.9059870292719225,1,0.645
-0.34389149344852976,1.9078939696124533,1,0.646
-0.3436658985504297,1.9098028178471123,1,0.647
-0.3434403741776495,1.9117135758847483,1,0.648
-0.3432149204098325,1.91362624563612,1,0.649
-0.34298953732650117,1.9155408290138962,1,0.65
-0.3427642250070577,1.9174573279326612,1,0.651
-0.3425389835307835,1.919375744308914,1,0.652
-0.3423138129768396,1.9212960800610708,1,0.653
-0.34208871342426594,1.9232183371094682,1,0.654
-0.3418636849519818,1.9251425173763625,1,0.655
-0.3416387276387858,1.9270686227859348,1,0.656
-0.3414138415633553,1.9289966552642905,1,0.657
-0.34118902680424656,1.9309266167394625,1,0.658
-0.34096428343989493,1.9328585091414117,1,0.659
-0.34073961154861454,1.9347923344020312,1,0.66
-0.3405150112085983,1.936728094455147,1,0.661
-0.3402904824979178,1.9386657912365182,1,0.662
-0.340066025494523,1.940605426683842,1,0.663
-0.33984164027624264,1.942547002736754,1,0.664
-0.33961732692078395,1.9444905213368313,1,0.665
-0.33939308550573233,1.9464359844275911,1,0.666
-0.3391689161085517,1.9483833939544983,1,0.667
-0.3389448188065841,1.9503327518649614,1,0.668
-0.33872079367705,1.952284060108339,1,0.669
-0.33849684079704756,1.9542373206359398,1,0.67
-0.33827296024355347,1.9561925354010237,1,0.671
-0.3380491520934221,1.9581497063588058,1,0.672
-0.3378254164233858,1.9601088354664575,1,0.673
-0.33760175331005504,1.9620699246831081,1,0.674
-0.3373781628299175,1.9640329759698472,1,0.675
-0.337154645059339,1.9659979912897259,1,0.676
-0.336931200074563,1.9679649726077595,1,0.677
-0.3367078279517105,1.9699339218909295,1,0.678
-0.33648452876678003,1.9719048411081859,1,0.679
-0.33626130259564735,1.9738777322304473,1,0.68
-0.33603814951406596,1.9758525972306058,1,0.681
-0.3358150695976667,1.9778294380835262,1,0.682
-0.3355920629219573,1.9798082567660498,1,0.683
-0.3353691295623231,1.9817890552569948,1,0.684
-0.3351462695940264,1.9837718355371603,1,0.685
-0.33492348309220654,1.9857565995893263,1,0.686
-0.33470077013188027,1.9877433493982577,1,0.687
-0.33447813078794064,1.9897320869507038,1,0.6880000000000001
-0.3342555651351581,1.991722814235403,1,0.6890000000000001
-0.33403307324817977,1.9937155332430825,1,0.6900000000000001
-0.33381065520152964,1.995710245966461,1,0.6910000000000001
-0.3335883110696085,1.9977069544002524,1,0.6920000000000001
-0.33336604092669353,1.999705660541164,1,0.6930000000000001
-0.3331438448469388,2.001706366387903,1,0.6940000000000001
-0.3329217229043747,2.003709073941175,1,0.6950000000000001
-0.33269967517290844,2.0057137852036884,1,0.6960000000000001
-0.33247770172632307,2.007720502180154,1,0.6970000000000001
-0.3322558026382788,2.009729226877289,1,0.6980000000000001
-0.3320339779823116,2.0117399613038183,1,0.6990000000000001
-0.33181222783183384,2.0137527074704766,1,0.7000000000000001
-0.33159055226013423,2.01576746739001,1,0.7010000000000001
-0.3313689513403776,2.017784243077179,1,0.7020000000000001
-0.3311474251456046,2.019803036548759,1,0.7030000000000001
-0.33092597374873256,2.0218238498235444,1,0.704
-0.33070459722255396,2.0238466849223475,1,0.705
-0.330483295639738,2.0258715438680044,1,0.706
-0.3302620690728292,2.027898428685374,1,0.707
-0.33004091759424836,2.0299273414013417,1,0.708
-0.3298198412762917,2.0319582840448196,1,0.709
-0.3295988401911314,2.0339912586467506,1,0.71
-0.3293779144108153,2.0360262672401097,1,0.711
-0.32915706400726685,2.038063311859906,1,0.712
-0.3289362890522849,2.040102394543184,1,0.713
-0.328715589617544,2.0421435173290265,1,0.714
-0.32849496577459414,2.044186682258557,1,0.715
-0.328274417594861,2.0462318913749393,1,0.716
-0.32805394514964514,2.048279146723384,1,0.717
-0.3278335485101228,2.050328450351146,1,0.718
-0.32761322774734536,2.052379804307529,1,0.719
-0.3273929829322396,2.0544332106438876,1,0.72
-0.3271728141356073,2.056488671413628,1,0.721
-0.32695272142812537,2.0585461886722114,1,0.722
-0.326732704880346,2.0606057644771543,1,0.723
-0.3265127645626965,2.062667400888034,1,0.724
-0.32629290054547866,2.0647310999664863,1,0.725
-0.32607311289886975,2.0667968637762106,1,0.726
-0.32585340169292176,2.068864694382971,1,0.727
-0.32563376699756164,2.070934593854598,1,0.728
-0.3254142088825911,2.0730065642609916,1,0.729
-0.3251947274176865,2.075080607674123,1,0.73
-0.32497532267239915,2.0771567261680337,1,0.731
-0.3247559947161548,2.079234921818844,1,0.732
-0.32453674361825424,2.08131519670475,1,0.733
-0.3243175694478725,2.083397552906025,1,0.734
-0.3240984722740593,2.0854819925050276,1,0.735
-0.323879452165739,2.087568517586196,1,0.736
-0.3236605091917101,2.0896571302360565,1,0.737
-0.3234416434206461,2.091747832543221,1,0.738
-0.3232228549210945,2.093840626598392,1,0.739
-0.323004143761477,2.0959355144943643,1,0.74
-0.32278551001009015,2.098032498326026,1,0.741
-0.32256695373510436,2.100131580190361,1,0.742
-0.3223484750045644,2.1022327621864507,1,0.743
-0.3221300738863895,2.104336046415478,1,0.744
-0.3219117504483725,2.1064414349807272,1,0.745
-0.3216935047581809,2.1085489299875864,1,0.746
-0.32147533688335617,2.110658533543552,1,0.747
-0.32125724689131363,2.1127702477582266,1,0.748
-0.3210392348493427,2.1148840747433253,1,0.749
-0.320821300824607,2.1170000166126743,1,0.75
-0.32060344488414394,2.119118075482217,1,0.751
-0.3203856670948646,2.121238253470012,1,0.752
-0.3201679675235546,2.1233605526962367,1,0.753
-0.3199503462368726,2.1254849752831912,1,0.754
-0.31973280330135156,2.127611523355298,1,0.755
-0.3195153387833982,2.1297401990391056,1,0.756
-0.31929795274929285,2.1318710044632896,1,0.757
-0.31908064526518976,2.134003941758656,1,0.758
-0.31886341639711646,2.1361390130581417,1,0.759
-0.31864626621097436,2.1382762204968184,1,0.76
-0.31842919477253884,2.140415566211894,1,0.761
-0.31821220214745816,2.142557052342714,1,0.762
-0.31799528840125457,2.144700681030765,1,0.763
-0.317778453599324,2.146846454419676,1,0.764
-0.3175616978069352,2.1489943746552203,1,0.765
-0.31734502108923124,2.151144443885318,1,0.766
-0.31712842351122794,2.153296664260039,1,0.767
-0.31691190513781486,2.155451037931604,1,0.768
-0.316695466033755,2.1576075670543857,1,0.769
-0.31647910626368436,2.159766253784915,1,0.77
-0.31626282589211263,2.161927100281878,1,0.771
-0.3160466249834225,2.1640901087061213,1,0.772
-0.31583050360187015,2.1662552812206535,1,0.773
-0.3156144618115849,2.1684226199906473,1,0.774
-0.3153984996765693,2.1705921271834425,1,0.775
-0.31518261726069896,2.172763804968545,1,0.776
-0.3149668146277229,2.1749376555176343,1,0.777
-0.31475109184126326,2.1771136810045597,1,0.778
-0.3145354489648149,2.1792918836053476,1,0.779
-0.3143198860617461,2.181472265498201,1,0.78
-0.3141044031952984,2.1836548288635016,1,0.781
-0.3138890004285859,2.1858395758838127,1,0.782
-0.3136736778245959,2.188026508743883,1,0.783
-0.3134584354461889,2.1902156296306434,1,0.784
-0.31324327335609825,2.192406940733216,1,0.785
-0.31302819161692996,2.1946004442429117,1,0.786
-0.3128131902911635,2.196796142353235,1,0.787
-0.31259826944115077,2.1989940372598835,1,0.788
-0.3123834291291169,2.2011941311607526,1,0.789
-0.3121686694171596,2.2033964262559365,1,0.79
-0.3119539903672497,2.2056009247477304,1,0.791
-0.31173939204123047,2.2078076288406328,1,0.792
-0.31152487450081856,2.2100165407413472,1,0.793
-0.3113104378076029,2.2122276626587873,1,0.794
-0.3110960820230454,2.2144409968040746,1,0.795
-0.3108818072084806,2.2166565453905425,1,0.796
-0.31066761342511606,2.218874310633741,1,0.797
-0.3104535007340318,2.2210942947514347,1,0.798
-0.3102394691961805,2.223316499963609,1,0.799
-0.3100255188723875,2.225540928492468,1,0.8
-0.3098116498233513,2.2277675825624406,1,0.801
-0.30959786210964246,2.229996464400182,1,0.802
-0.3093841557917043,2.232227576234573,1,0.803
-0.309170530929853,2.2344609202967267,1,0.804
-0.30895698758427714,2.2366964988199873,1,0.805
-0.30874352581503794,2.2389343140399323,1,0.806
-0.30853014568206916,2.2411743681943785,1,0.807
-0.30831684724517716,2.2434166635233797,1,0.808
-0.3081036305640409,2.245661202269231,1,0.809
-0.3078904956982118,2.2479079866764717,1,0.81
-0.30767744270711384,2.2501570189918865,1,0.811
-0.3074644716500434,2.2524083014645075,1,0.812
-0.3072515825861696,2.254661836345618,1,0.8130000000000001
-0.30703877557453374,2.2569176258887524,1,0.8140000000000001
-0.3068260506740499,2.2591756723497016,1,0.8150000000000001
-0.3066134079435042,2.261435977986511,1,0.8160000000000001
-0.30640084744155593,2.2636985450594866,1,0.8170000000000001
-0.3061883692267362,2.2659633758311957,1,0.8180000000000001
-0.30597597335744864,2.2682304725664704,1,0.8190000000000001
-0.3057636598919694,2.2704998375324057,1,0.8200000000000001
-0.30555142888844733,2.272771472998368,1,0.8210000000000001
-0.3053392804049032,2.275045381235993,1,0.8220000000000001
-0.3051272144992304,2.277321564519189,1,0.8230000000000001
-0.30491523122919484,2.279600025124139,1,0.8240000000000001
-0.3047033306524347,2.2818807653293036,1,0.8250000000000001
-0.30449151282646025,2.2841637874154244,1,0.8260000000000001
-0.3042797778086548,2.2864490936655226,1,0.8270000000000001
-0.3040681256562734,2.288736686364905,1,0.8280000000000001
-0.3038565564264437,2.2910265678011648,1,0.8290000000000001
-0.3036450701761658,2.293318740264183,1,0.8300000000000001
-0.3034336669623121,2.2956132060461325,1,0.8310000000000001
-0.3032223468416273,2.2979099674414796,1,0.8320000000000001
-0.3030111098707283,2.3002090267469857,1,0.833
-0.30279995610610444,2.3025103862617096,1,0.834
-0.3025888856041177,2.304814048287012,1,0.835
-0.30237789842100204,2.307120015126555,1,0.836
-0.30216699461286367,2.3094282890863056,1,0.837
-0.3019561742356812,2.311738872474537,1,0.838
-0.3017454373453061,2.314051767601834,1,0.839
-0.30153478399746125,2.3163669767810915,1,0.84
-0.3013242142477426,2.3186845023275184,1,0.841
-0.30111372815161774,2.3210043465586416,1,0.842
-0.3009033257644276,2.323326511794304,1,0.843
-0.300693007141384,2.325651000356672,1,0.844
-0.3004827723375726,2.3279778145702346,1,0.845
-0.3002726214079502,2.3303069567618055,1,0.846
-0.3000625544073463,2.332638429260527,1,0.847
-0.29985257139046295,2.3349722343978723,1,0.848
-0.29964267241187437,2.3373083745076473,1,0.849
-0.2994328575260271,2.3396468519259908,1,0.85
-0.2992231267872397,2.3419876689913814,1,0.851
-0.29901348024970364,2.344330828044636,1,0.852
-0.2988039179674823,2.346676331428914,1,0.853
-0.2985944399945115,2.3490241814897193,1,0.854
-0.2983850463845993,2.3513743805749017,1,0.855
-0.2981757371914264,2.3537269310346605,1,0.856
-0.29796651246854544,2.3560818352215467,1,0.857
-0.2977573722693818,2.3584390954904646,1,0.858
-0.2975483166472328,2.360798714198674,1,0.859
-0.29733934565526854,2.363160693705795,1,0.86
-0.29713045934653126,2.3655250363738056,1,0.861
-0.2969216577739354,2.367891744567051,1,0.862
-0.2967129409902681,2.3702608206522373,1,0.863
-0.2965043090481889,2.3726322669984423,1,0.864
-0.29629576200022933,2.375006085977112,1,0.865
-0.2960872998987938,2.3773822799620654,1,0.866
-0.2958789227961588,2.3797608513294963,1,0.867
-0.2956706307444733,2.3821418024579777,1,0.868
-0.2954624237957587,2.3845251357284596,1,0.869
-0.29525430200190894,2.3869108535242765,1,0.87
-0.29504626541469026,2.3892989582311457,1,0.871
-0.29483831408574146,2.391689452237172,1,0.872
-0.2946304480665739,2.3940823379328497,1,0.873
-0.2944226674085708,2.396477617711065,1,0.874
-0.29421497216298875,2.3988752939670976,1,0.875
-0.29400736238095626,2.401275369098624,1,0.876
-0.29379983811347443,2.40367784550572,1,0.877
-0.2935923994114169,2.4060827255908617,1,0.878
-0.29338504632553,2.40849001175893,1,0.879
-0.2931777789064324,2.4108997064172097,1,0.88
-0.2929705972046155,2.4133118119753973,1,0.881
-0.2927635012704427,2.415726330845598,1,0.882
-0.29255649115415094,2.418143265442331,1,0.883
-0.2923495669058491,2.4205626181825304,1,0.884
-0.2921427285755186,2.42298439148555,1,0.885
-0.29193597621301404,2.425408587773163,1,0.886
-0.2917293098680619,2.427835209469566,1,0.887
-0.29152272959026204,2.4302642590013805,1,0.888
-0.29131623542908647,2.4326957387976567,1,0.889
-0.29110982743388014,2.4351296512898744,1,0.89
-0.2909035056538605,2.4375659989119467,1,0.891
-0.29069727013811797,2.4400047841002204,1,0.892
-0.2904911209356156,2.442446009293482,1,0.893
-0.290285058095189,2.444889676932956,1,0.894
-0.29007908166554675,2.4473357894623113,1,0.895
-0.28987319169527037,2.4497843493276594,1,0.896
-0.28966738823281357,2.4522353589775614,1,0.897
-0.2894616713265037,2.454688820863026,1,0.898
-0.2892560410245403,2.457144737437517,1,0.899
-0.2890504973749961,2.45960311115695,1,0.9
-0.2888450404258165,2.4620639444796986,1,0.901
-0.28863967022481984,2.464527239866597,1,0.902
-0.2884343868196977,2.4669929997809406,1,0.903
-0.2882291902580142,2.46946122668849,1,0.904
-0.2880240805872065,2.4719319230574714,1,0.905
-0.28781905785458484,2.4744050913585824,1,0.906
-0.2876141221073325,2.4768807340649905,1,0.907
-0.28740927339250555,2.479358853652339,1,0.908
-0.28720451175703354,2.481839452598748,1,0.909
-0.2869998372477184,2.4843225333848165,1,0.91
-0.28679524991123573,2.486808098493625,1,0.911
-0.28659074979413424,2.4892961504107403,1,0.912
-0.28638633694283544,2.4917866916242124,1,0.913
-0.2861820114036341,2.494279724624584,1,0.914
-0.28597777322269835,2.4967752519048876,1,0.915
-0.2857736224460694,2.499273275960652,1,0.916
-0.28556955911966175,2.5017737992899005,1,0.917
-0.2853655832892632,2.504276824393157,1,0.918
-0.28516169500053457,2.5067823537734455,1,0.919
-0.2849578942990103,2.5092903899362975,1,0.92
-0.284754181230098,2.5118009353897484,1,0.921
-0.28455055583907873,2.514313992644344,1,0.922
-0.28434701817110675,2.5168295642131424,1,0.923
-0.28414356827121023,2.5193476526117133,1,0.924
-0.28394020618429017,2.521868260358148,1,0.925
-0.2837369319551214,2.524391389973053,1,0.926
-0.2835337456283522,2.526917043979558,1,0.927
-0.2833306472485043,2.5294452249033177,1,0.928
-0.2831276368599731,2.531975935272513,1,0.929
-0.2829247145070275,2.534509177617855,1,0.93
-0.28272188023380995,2.5370449544725853,1,0.931
-0.2825191340843367,2.5395832683724815,1,0.932
-0.28231647610249766,2.5421241218558577,1,0.933
-0.28211390633205646,2.5446675174635676,1,0.934
-0.2819114248166502,2.5472134577390073,1,0.935
-0.2817090315997901,2.5497619452281173,1,0.936
-0.281506726724861,2.5523129824793847,1,0.937
-0.2813045102351216,2.554866572043847,1,0.9380000000000001
-0.28110238217370453,2.5574227164750942,1,0.9390000000000001
-0.28090034258361607,2.5599814183292713,1,0.9400000000000001
-0.2806983915077369,2.5625426801650804,1,0.9410000000000001
-0.28049652898882116,2.565106504543783,1,0.9420000000000001
-0.2802947550694972,2.567672894029203,1,0.9430000000000001
-0.28009306979226756,2.5702418511877316,1,0.9440000000000001
-0.27989147319950847,2.572813378588326,1,0.9450000000000001
-0.2796899653334707,2.5753874788025137,1,0.9460000000000001
-0.2794885462362787,2.577964154404394,1,0.9470000000000001
-0.2792872159499312,2.580543407970643,1,0.9480000000000001
-0.27908597451630157,2.5831252420805164,1,0.9490000000000001
-0.27888482197713693,2.5857096593158464,1,0.9500000000000001
-0.27868375837405857,2.5882966622610515,1,0.9510000000000001
-0.2784827837485627,2.590886253503134,1,0.9520000000000001
-0.2782818981420194,2.5934784356316865,1,0.9530000000000001
-0.2780811015956731,2.59607321123889,1,0.9540000000000001
-0.2778803941506428,2.598670582919522,1,0.9550000000000001
-0.2776797758479219,2.601270553270953,1,0.9560000000000001
-0.27747924672837865,2.6038731248931537,1,0.9570000000000001
-0.27727880683275496,2.6064783003886967,1,0.9580000000000001
-0.27707845620166827,2.609086082362757,1,0.9590000000000001
-0.27687819487561016,2.611696473423118,1,0.96
-0.2766780228949468,2.614309476180169,1,0.961
-0.2764779402999191,2.616925093246914,1,0.962
-0.2762779471306429,2.6195433272389717,1,0.963
-0.2760780434271086,2.6221641807745732,1,0.964
-0.27587822922918137,2.624787656474575,1,0.965
-0.27567850457660137,2.627413756962452,1,0.966
-0.2754788695089835,2.6300424848643047,1,0.967
-0.2752793240658178,2.6326738428088614,1,0.968
-0.2750798682864689,2.6353078334274804,1,0.969
-0.2748805022101769,2.6379444593541526,1,0.97
-0.2746812258760567,2.640583723225503,1,0.971
-0.2744820393230982,2.643225627680798,1,0.972
-0.2742829425901666,2.6458701753619405,1,0.973
-0.2740839357160024,2.648517368913479,1,0.974
-0.2738850187392209,2.6511672109826065,1,0.975
-0.273686191698313,2.653819704219166,1,0.976
-0.2734874546316449,2.6564748512756515,1,0.977
-0.2732888075774579,2.659132654807209,1,0.978
-0.27309025057386893,2.661793117471644,1,0.979
-0.27289178365887046,2.664456241929417,1,0.98
-0.27269340687033017,2.667122030843654,1,0.981
-0.2724951202459912,2.669790486880145,1,0.982
-0.2722969238234728,2.672461612707345,1,0.983
-0.2720988176402692,2.67513541099638,1,0.984
-0.27190080173375075,2.6778118844210494,1,0.985
-0.2717028761411632,2.6804910356578264,1,0.986
-0.27150504089962835,2.6831728673858626,1,0.987
-0.27130729604614356,2.685857382286989,1,0.988
-0.2711096416175822,2.688544583045722,1,0.989
-0.2709120776506935,2.691234472349262,1,0.99
-0.2707146041821026,2.693927052887499,1,0.991
-0.27051722124831057,2.6966223273530128,1,0.992
-0.2703199288856949,2.699320298441079,1,0.993
-0.27012272713050856,2.702020968849668,1,0.994
-0.2699256160188812,2.7047243412794524,1,0.995
-0.2697285955868184,2.7074304184338027,1,0.996
-0.26953166587020216,2.7101392030187963,1,0.997
-0.2693348269047904,2.7128506977432196,1,0.998
-0.26913807872621776,2.7155649053185664,1,0.999
